WORD,LANGUAGE_ID,SENTIMENT
"بِشَكْل مؤكَّد","ar","2"
"ٌَقليل الأدَب","ar","-2"
"غَريب الأطْوار","ar","-1"
"قَليل الأدَب","ar","-3"
"اُحْتيل عليه","ar","-2"
"ابن المِتْناكة","ar","-3"
"اجْتِماعي مَع صُحابه بَس","ar","1"
"اخْتِناق مُروري","ar","-2"
"الأسْرَع بَديهة","ar","2"
"الأقَلّ سَهولة","ar","-2"
"الأكْتَر إماتة","ar","-3"
"الأكْتَر بَهْدَلة","ar","-2"
"الأكْتَر تَرَفاً","ar","2"
"الأكْتَر تَناسُق","ar","2"
"الأكْتَر دَمَوِيَّة","ar","-3"
"الأكْتَر طَزاجة","ar","3"
"الأكْتر فَوْضى","ar","-3"
"الأكْثَر ابْتِذالاً","ar","-2"
"الأكْثَر إتْقاناً","ar","2"
"الأكْثَر إثارة","ar","3"
"الأكْثَر أمناً","ar","3"
"الأكْثَر بَذاءة","ar","-3"
"الأكْثَر تَأكُّدا","ar","2"
"الأكْثَر تَرَفاً","ar","2"
"الأكْثَر تَنْظيماً","ar","2"
"الأكْثَر تَناسُقاً","ar","2"
"الأكْثَر ثَباتاً","ar","2"
"الأكْثَر حَظّاً","ar","3"
"الأكْثَر حُزْناً","ar","-3"
"الأكْثَر خِبْرة بالحَياة","ar","2"
"الأكْثَر رَثاثة","ar","-2"
"الأكْثَر راحة","ar","2"
"الأكْثَر صَخَباً","ar","-2"
"الأكْثَر عَصْفاً","ar","-2"
"الأكْثَر غُموضاُ","ar","-3"
"الأكْثَر فَوْضى","ar","-2"
"الأكْثَر قِدَماً وجاذِبِيّة","ar","2"
"الأكْثَر كَآبة","ar","-2"
"الأكْثَر مَلَلاً","ar","-2"
"الأكْثَر نُحولاً","ar","-2"
"الأكثر نُبْلاً","ar","3"
"الأهَمِّية الشَّديدة","ar","2"
"الحَظّ السَّعيد","ar","2"
"الضَلْمة أكْتَر","ar","-2"
"انْعِدام الرَّحْمة","ar","-3"
"انْعِدام الضَّمير","ar","-2"
"انْعِدام القيمة","ar","-2"
"انْهِيار مُفاجئ","ar","-2"
"إبْن حَرام","ar","-3"
"إبن كَلْب","ar","-3"
"إبن ناس","ar","2"
"إتْنَصَب عَليه","ar","-2"
"إزالة لَوْن","ar","-1"
"إعْتِماد كامِل","ar","-1"
"إعادة ثَمَن سِلْعة ما","ar","-1"
"إللي مْغّيِّم أكْتَر","ar","-2"
"إمرأة شاذة","ar","-3"
"أقْدَم وألْطَف","ar","2"
"أكْتَر حاجة مْدَهْنِنة","ar","-2"
"أكْتَر دَوْشة","ar","-2"
"أكْتَر واحِد تِخين وقُصَيَّر","ar","-2"
"أكْتَر واحِد زَعْلان","ar","-3"
"أكْتَر واحِد طَمّاع","ar","-3"
"أكْتَر واحِد مُتَواضِع","ar","2"
"أكْتَر واحِد مِكَشَّر","ar","-3"
"أكْتَر واحِد وَدود","ar","2"
"أكْتَر واحِد يِقْدَر","ar","2"
"أكْتر أمان","ar","3"
"أمْر صادِم","ar","-2"
"أهَم جُزْء","ar","1"
"أيْ كَلام","ar","-3"
"بَرامِج مِش مُفيدة","ar","-2"
"بَغَضَبٍ شَديد","ar","-2"
"بَغَضَبٍ شِديد","ar","-2"
"بِخَيْبة أمَل","ar","-2"
"بِرْنامَج بَطئ","ar","-1"
"بِرْنامِج حاسوب يَحْتَوي على بَرامِج ضارة","ar","-1"
"بِرْنامِج كومبيوتر فيه بَرامِج ضارة","ar","-1"
"بِسِعْرٍ رَخيص","ar","2"
"بِسِعْرٍ مُناسِب","ar","1"
"بِسوء نِيَّة","ar","-2"
"بِشًكْلٍ مُخيف","ar","-3"
"بِشَكِلٍ مُخادِع","ar","2"
"بِشَكِل مُخادِع","ar","2"
"بِشَكْلِ غَريب ومُضْحِك","ar","-1"
"بِشَكْلِ غَيْر كافٍ","ar","-2"
"بِشَكْلِ مُريح","ar","2"
"بِشَكْلِ مِش كِفاية","ar","-2"
"بِشَكْلِ مؤلِم","ar","-2"
"بِشَكْل اجْتِماعي","ar","1"
"بِشَكْل اسْتِتْنايي","ar","3"
"بِشَكْل إيجابي","ar","2"
"بِشَكْل بَشِع","ar","-3"
"بِشَكْل بَنّاء","ar","2"
"بِشَكْل بارِز","ar","2"
"بِشَكْل باقٍ","ar","2"
"بِشَكْل تَخْريبي","ar","-2"
"بِشَكْل تَدْميري","ar","-2"
"بِشَكْل تَقْليدي","ar","1"
"بِشَكْل تَنافُسي","ar","2"
"بِشَكْل تَهْديدي","ar","-2"
"بِشَكْل تابِت","ar","2"
"بِشَكْل تافِه","ar","-2"
"بِشَكْل جَدير بالشَّفَقة","ar","-2"
"بِشَكْل جَذْري","ar","-1"
"بِشَكْل جَقير","ar","-2"
"بِشَكْل جَميل","ar","2"
"بِشَكْل جِلْف","ar","-1"
"بِشَكْل جاذِب للانْتِباه","ar","2"
"بِشَكْل جارِح","ar","-2"
"بِشَكْل جامِد","ar","-1"
"بِشَكْل حَقير","ar","-1"
"بِشَكْل حالِم","ar","1"
"بِشَكْل خَطِر","ar","-2"
"بِشَكْل خَطير","ar","-2"
"بِشَكْل خاطئ","ar","-2"
"بِشَكْل خانِق","ar","-2"
"بِشَكْل دِفاعي","ar","-1"
"بِشَكْل ديكتاتوري","ar","-2"
"بِشَكْل رائع","ar","2"
"بِشَكْل سَطْحي","ar","-1"
"بِشَكْل سَهْلٍ تَذَكُره","ar","2"
"بِشَكْل سَهْلٍ تِفْتِكْره","ar","2"
"بِشَكْل سَيِّئ","ar","-2"
"بِشَكْل سِلْمي","ar","1"
"بِشَكْل سامّ","ar","-2"
"بِشَكْل شَيْطاني","ar","-2"
"بِشَكْل شِرّير","ar","-2"
"بِشَكْل شامِل","ar","2"
"بِشَكْل صَريح","ar","1"
"بِشَكْل صِحّي","ar","2"
"بِشَكْل عَشْوائي","ar","-1"
"بِشَكْل عَقْلاني","ar","2"
"بِشَكْل عُدْواني","ar","-2"
"بِشَكْل غَني","ar","2"
"بِشَكْل غَيْر ضَروري","ar","-1"
"بِشَكْل غَيْر طَبيعي","ar","-2"
"بِشَكْل غَيْر عَقْلاني","ar","-2"
"بِشَكْل غَيْر عادِل","ar","-2"
"بِشَكْل غَيْر لائق","ar","-2"
"بِشَكْل غَيْر مَرْغوب فيه","ar","-2"
"بِشَكْل غَيْر مَقْبول","ar","-2"
"بِشَكْل غَيْر مُبْدِع","ar","-2"
"بِشَكْل غَيْر مُسْتَوٍ","ar","-2"
"بِشَكْل غَيْر مُكَلِّف","ar","1"
"بِشَكْل غَيْر مُنَظَّم","ar","-1"
"بِشَكْل غالي","ar","-2"
"بِشَكْل فَخِم","ar","2"
"بِشَكْل فيه مُبادْرة","ar","1"
"بِشَكْل قَليل الأدَب","ar","-2"
"بِشَكْل قاسٍ","ar","-2"
"بِشَكْل كَريه","ar","-2"
"بِشَكْل كَييب","ar","-2"
"بِشَكْل كُوَيِّس","ar","2"
"بِشَكْل كافٍ","ar","1"
"بِشَكْل كييب","ar","-2"
"بِشَكْل لَطيف","ar","2"
"بِشَكْل لا يُطاق","ar","-2"
"بِشَكْل لا يُقاوَم","ar","2"
"بِشَكْل لادِع","ar","-1"
"بِشَكْل لاذِع","ar","-1"
"بِشَكْل لافِت للنَّظَر","ar","1"
"بِشَكْل لطيف","ar","1"
"بِشَكْل مَأسوي","ar","-3"
"بِشَكْل مَلْحوظ","ar","1"
"بِشَكْل مَنْطِقي","ar","2"
"بِشَكْل مَهيب","ar","2"
"بِشَكْل مُبَرَّر","ar","1"
"بِشَكْل مُبْدِع","ar","2"
"بِشَكْل مُبْهِر","ar","2"
"بِشَكْل مُتَظاهِر بالْوَرَع","ar","-2"
"بِشَكْل مُتَعَدِّد المَصادِر","ar","1"
"بِشَكْل مُتْرَف","ar","2"
"بِشَكْل مُثير لِلْغَضَب","ar","-2"
"بِشَكْل مُثير للأعْصاب","ar","-1"
"بِشَكْل مُثير للشَّفَقة","ar","-2"
"بِشَكْل مُجْهِد","ar","-2"
"بِشَكْل مُحْبِط","ar","-2"
"بِشَكْل مُحْرِج","ar","-2"
"بِشَكْل مُخَيِّب لِلْأمَل","ar","-2"
"بِشَكْل مُخْتَلِف يَبْعَث على الانْتِعاش","ar","2"
"بِشَكْل مُخادِع","ar","-1"
"بِشَكْل مُخيف","ar","-2"
"بِشَكْل مُدْهِش","ar","2"
"بِشَكْل مُذْهِل","ar","2"
"بِشَكْل مُرْعِب","ar","-3"
"بِشَكْل مُرضي","ar","2"
"بِشَكْل مُزْعِج","ar","-2"
"بِشَكْل مُسْتَحيل","ar","-2"
"بِشَكْل مُسي لِلسُّمْعة","ar","-2"
"بِشَكْل مُشَوِّق","ar","2"
"بِشَكْل مُعاصِر","ar","1"
"بِشَكْل مُفيد","ar","2"
"بِشَكْل مُقْلِق","ar","-1"
"بِشَكْل مُلَطِّف","ar","1"
"بِشَكْل مُمِلّ","ar","-1"
"بِشَكْل مُمْتِع","ar","2"
"بِشَكْل مُنْحَرِف","ar","-2"
"بِشَكْل مُناسِب","ar","2"
"بِشَكْل مِثالي","ar","2"
"بِشَكْل مِش صَحيح","ar","-2"
"بِشَكْل مِش طَبيعيّ","ar","-1"
"بِشَكْل مِش عادي","ar","2"
"بِشَكْل مِش قابِل للتَّطْبيق","ar","-2"
"بِشَكْل مِش كُفْء","ar","-2"
"بِشَكْل مِش مَقْبول","ar","-2"
"بِشَكْل مِش مُتَناسِب","ar","-1"
"بِشَكْل مِش مُكَلِّف","ar","1"
"بِشَكْل مِش مُناسِب","ar","-2"
"بِشَكْل مِش مُهِمّ","ar","-1"
"بِشَكْل مِهَني","ar","1"
"بِشَكْل مايِنْفَعْش","ar","-2"
"بِشَكْل مؤدَّب","ar","2"
"بِشَكْل ناقِص","ar","-1"
"بِشَكْل هِستيري","ar","-2"
"بِشَكْل هامِشي","ar","-1"
"بِشَكْل وَحْشي","ar","-3"
"بِشَكْل وِحِش","ar","-2"
"بِشَكْل واسِع الخَيال","ar","1"
"بِشَكْل واسع","ar","1"
"بِشَكْل يَدْعو إلى الشَّك","ar","-2"
"بِشَكْل يَصْعَب عَليك","ar","-2"
"بِشَكْل يَنُمّ عَن الذَّوْق الجَيِّد","ar","2"
"بِشَكْل يَنُمّ عَن الشَّر","ar","-2"
"بِشَكْل يَنُمّ عَن انْعِدام الذَّوْق","ar","-2"
"بِشَكْل يَنُمّ عَن حُسْن السُّمْعة","ar","2"
"بِشَكْل يَنُمّ عَن سوء الطَّبْع","ar","-2"
"بِشَكْل يُمْكِن الاعْتِماد عَلَيْه","ar","2"
"بِشَكْل يِبَيِّن الذَّوْق الكُوَيِّس","ar","2"
"بِشَكْل يِبَيِّن سوء الطَّبْع","ar","-2"
"بِشَكْل يِبَيِّن عَن انْعِدام الذَّوْق","ar","-2"
"بِشَكْل يِجَنِّن","ar","2"
"بِشَكْل يِصْدِم","ar","-2"
"بِشَكْل يِظْهِر سُمْعة كُوَيِّسة","ar","2"
"بِشَكْل يِفْرِح","ar","3"
"بِشَكْل يِقْرِف","ar","-2"
"بِشَكْل يِقْلِق","ar","-2"
"بِشَكْل يْخَلّي الواحِد يْشُكّ","ar","-2"
"بِشَكْل يْضايِق","ar","-2"
"بِشَكْل يْنَرْفِز","ar","-2"
"بِشَكْل يتْصَدَّق","ar","1"
"بِشَكلٍ غَيْر مِهَني","ar","-2"
"بِشَكلٍ مُفيد","ar","2"
"بِشَكل مِش كِفاية","ar","-2"
"بِصَوْتٍ عالٍ","ar","-1"
"بِصوْت عالي","ar","-1"
"بِصورة مُرَوِّعة","ar","-2"
"بِطَريقة اسْتِغْلالية","ar","-2"
"بِطَريقة بَشِعة","ar","-3"
"بِطَريقة تْجَنِّن","ar","2"
"بِطَريقة تْخَوِّف","ar","-1"
"بِطَريقة تْعَصَّب","ar","-2"
"بِطَريقة جِلْفة","ar","-2"
"بِطَريقة رائعة","ar","3"
"بِطَريقة صادْمة","ar","-3"
"بِطَريقة ظَريفة","ar","2"
"بِطَريقة عُدْوانية","ar","-1"
"بِطَريقة غامِضة","ar","-2"
"بِطَريقة فاشِلة","ar","-1"
"بِطَريقة فيها اتِّهام","ar","-2"
"بِطَريقة كَريهة","ar","-3"
"بِطَريقة لَطيفة","ar","2"
"بِطَريقة مَقْبولة","ar","1"
"بِطَريقة مُبْهِرة","ar","2"
"بِطَريقة مُزْعِجة","ar","-2"
"بِطَريقة مُعاكْسة","ar","-2"
"بِطَريقة مِش احْتِرافية","ar","-1"
"بِطَريقة ماتِتطاقش","ar","-3"
"بِطَريقة مؤلِمة","ar","-2"
"بِطَريقة وِحْشة","ar","-2"
"بِعَدَم احْتِرام","ar","-2"
"بِغَضَبِ شِديد","ar","-2"
"بِفَرْحة شْديدة","ar","2"
"بِفارِغ الصَّبْر","ar","1"
"بِقِلِّة أدّب","ar","-2"
"بِقِلّة أدَب","ar","-1"
"بِقِلّة صَبْر","ar","-1"
"بِلا اسْتِحْقاق","ar","-2"
"بِلا حُدود","ar","1"
"بِلا رَحْمة","ar","-3"
"بِلا مَنْهَجِيّة","ar","-1"
"بِلا نَجاح","ar","-2"
"بِيُقْطُم الكَلام","ar","-2"
"بِيِتْصَرَّف مِنْ طَرْف مَناخيره","ar","-2"
"بِيِتْنَرْفِز بِسُرْعة","ar","-2"
"بِيِحْتِرِم غيره","ar","2"
"بِيِعْرَف يِتْكَلِّم","ar","1"
"بِيِنْتِج كِتير","ar","2"
"بِيِنْتِقِد كِتير","ar","-2"
"باحْتِرام","ar","2"
"باعِث على الاسْتِرْخاء","ar","2"
"بالطَريقة الصَّح","ar","1"
"بشَكْلٍ غَيْر مَرْغوب فيه","ar","-1"
"بطَريقة سَخيفة","ar","-1"
"بيْبوظ كِتير","ar","-1"
"بيْجادِل كِتير","ar","-1"
"بيْفَطَّر كِتير","ar","1"
"بيْهَنِّج كِتير","ar","-2"
"تَرْجيع تَمَن حاجة مِتْباعة","ar","-1"
"تَصَرُّف جارِح","ar","-2"
"تَضْييع وَقت","ar","-2"
"تَظَاهُر بالوَرَع","ar","-2"
"تَظَهُر بالوَرَع","ar","-2"
"تَفوح مِنه رائحة سَيِّئة","ar","-2"
"تَكْسير مَقاديف","ar","-2"
"تَكسير مَقاديف","ar","-2"
"تَنْبَعِث مِنه رائحة سَيِّئة","ar","-2"
"تَنْقَصَه الحَيَوِيَّة","ar","-2"
"تَوَقَّف العَمَل بِه","ar","-1"
"تِخَليّك مُسْتَرْخي","ar","2"
"تِخيت وقُصَيَّر","ar","-2"
"ثَوْرة غَضَب","ar","-1"
"جَدارة بالتِّقة","ar","2"
"جَدارة بالثِّقة","ar","2"
"جَدير بالتِّقة","ar","2"
"جَدير بالثِّقة","ar","2"
"جَدير بالثقة","ar","2"
"جَدير بالشَّفَقة","ar","-2"
"جَوْدة عالْية","ar","2"
"جُرْعة زايدة","ar","-2"
"جُرْعة زائدة","ar","-2"
"جّدير بالتَّزْكِية","ar","2"
"جاذِب للانْتِباه","ar","2"
"حَسَن السُّمْعة","ar","2"
"حَسَن النِّية","ar","2"
"حاجة تِصْدِم","ar","-2"
"حاجة تْعَصَّب","ar","-2"
"حاجة تْنَرْفِز","ar","-2"
"حالٌ شَديد السّوء","ar","-3"
"خَد بالَك","ar","-2"
"خَيْبة أمَل","ar","-2"
"خَياله واسِع","ar","1"
"خالٍ مِن المَشاكِل","ar","2"
"خالي البال","ar","2"
"خالي مِن المَشاكِل","ar","2"
"خالي من الأخْطاء","ar","2"
"خالي من البُقَع","ar","-2"
"خالي من الضَّغْط","ar","2"
"خالي من الفَيْروسات","ar","2"
"خالي من المَشاكِل","ar","2"
"خايب الأمَل","ar","-2"
"خيْبة أمَل","ar","-1"
"دَرَجة أولى","ar","2"
"دون المُسْتَوى","ar","-1"
"ذو رائحة نَفّاذة","ar","-2"
"ذو سُلْطة","ar","1"
"ذو طَعْم حِمْضي","ar","-1"
"ذو مَعْنى","ar","2"
"ذو مِصْداقِيّة","ar","1"
"رائحة سَيِّئة","ar","-2"
"رائحة سّيِّئة","ar","-2"
"رائد أعْمال","ar","1"
"رائع جِدّاً","ar","3"
"ريحْته دُخَّان","ar","-1"
"ريحة وِحْشة","ar","-2"
"ريحته جامْدة","ar","-2"
"ريحته وِحشة","ar","-2"
"زَحْمة مُرور","ar","-2"
"زَغْرة","ar","-1"
"سَريع البَديهة","ar","1"
"سَريع الغَضَب","ar","-2"
"سَعادة شَديدة","ar","3"
"سَعيد الحَظّ","ar","2"
"سَعيد جِدّاً","ar","3"
"سَهْل الاسْتِخْدام","ar","2"
"سَهْل الإقْناع","ar","1"
"سَهْل التَّحّكُّم فيه","ar","1"
"سَهْل الوُصول لُه","ar","1"
"سَهْل تَذَكُّره","ar","2"
"سَهْل تِفْتِكْرُه","ar","2"
"سَيِّئ الحَظّ","ar","-2"
"سَيِّئ الطَّبْع","ar","-2"
"سَيِّئ الطَّعم","ar","-1"
"سَيِّئ النِّيّة","ar","-2"
"سَيّي المَزاج","ar","2"
"سُبْحانه وتَعالى","ar","3"
"سُمْعِتُه كُوَيِّسة","ar","2"
"سُهْل التَّحَكُّم بِه","ar","1"
"سُهْل التَّحَكُّم فيه","ar","1"
"سِتّ شاذّة","ar","-3"
"سِتّ شاذة","ar","-3"
"سِعْرُه مُناسِب","ar","1"
"سّيِّئ الرّائحة","ar","-2"
"سابِق لأوانه","ar","-1"
"سابِقاً لأوانه","ar","-1"
"سوء إدارة","ar","-1"
"سوء حَظّ","ar","-2"
"سيِّئ المَزاج","ar","-1"
"سيّي السُّمْعة","ar","-2"
"شَبيه بالدّودة","ar","-2"
"شَخْصٌ كَريه","ar","-2"
"شَديد الأهَمِّيَّة","ar","2"
"شَديد التَّدْقيق","ar","2"
"شَديد الرَّوْعة","ar","3"
"شَديد السّوء","ar","-2"
"شَديد السوء","ar","-3"
"شَديد العاطِفِيَّة","ar","-2"
"شَديد الغَضَب","ar","-2"
"شَديد النَّظافة","ar","2"
"شَديد الوَفْرة","ar","3"
"شَكْلُه مُرْهَق","ar","-2"
"شَكْوى شَديدة","ar","-2"
"شَكْوى شِديدة","ar","-2"
"شُغْل صَعْب","ar","-1"
"شُغْلانة مُمِلّة","ar","-1"
"صَعْب حَمْله","ar","-1"
"صَوْتٍ عالٍ","ar","-1"
"صُعوبة شَديدة","ar","-2"
"صُعوبة فَظيعة","ar","-2"
"صافي التَّفْكير","ar","1"
"صالِح للْعَيش","ar","1"
"صوْت عالي","ar","-1"
"صورة نَمَطِيّة","ar","-1"
"ضَرْبة جامْدة","ar","-1"
"ضَرْبة شَديدة","ar","-1"
"طَبْعُه سَيِّئ","ar","-2"
"طَلَب مِتْأجِّل","ar","-1"
"طَلُب مَعْلومات شَخْصِيَّة على الإنْتَرْنِت بِغَرَض النَّصْب","ar","-2"
"طَيِّب القَلْب","ar","2"
"طْلُب مَعْلومات شَخْصِيَّة على الإنْتَرْنِت بِغَرَض الاحْتِيال","ar","-2"
"طالعة مِنّه ريحة وِحْشة","ar","-2"
"ظَرْف طارئ","ar","-2"
"عَدَم احْتِرام","ar","-2"
"عَدَم ارْتِياح","ar","-2"
"عَدَم اسْتِقرار","ar","-1"
"عَدَم الاسْتِجابة","ar","-2"
"عَدَم الأمان","ar","-2"
"عَدَم الثِّقة","ar","-2"
"عَدَم الجاذِبِيّة","ar","-2"
"عَدَم الرِّضا","ar","-2"
"عَدَم الرّاحة","ar","-2"
"عَدَم المُلاءمة","ar","-2"
"عَدَم المِهَنِيّة","ar","-2"
"عَدَم النُّضوج","ar","-1"
"عَدَم انْتِظام","ar","-1"
"عَدَم اهْتِمام","ar","-2"
"عَدَم تَصْديق","ar","-2"
"عَدَم خِبْرة","ar","-2"
"عَدَم كَفاءة","ar","-2"
"عَدَم مُلائمة","ar","-2"
"عَديم الذَّوْق","ar","-2"
"عَديم الرَّحْمة","ar","-3"
"عَديم الرّائحة","ar","1"
"عَديم الصَّبْر","ar","-1"
"عَديم الضَّمير","ar","-2"
"عَديم القيمة","ar","-2"
"عَديم المَذاق","ar","-2"
"عَرَبِيّة سواقِتْها مُمْتِعة","ar","2"
"عَشان الديكور","ar","2"
"عَلامة مُمَيَّزة","ar","1"
"عَلى الموضة","ar","2"
"عَمَلِيّة احْتِيال","ar","-2"
"عَمَلِيّة نَصْب","ar","-2"
"عَمَل شاق","ar","-1"
"عَنْ اسْتِحْقاق","ar","2"
"عَنْدُه بَصيرة","ar","1"
"عَنْدُه بالحَساسِية","ar","-1"
"عَنْدُه ضَمير","ar","2"
"عَنْده أنيميا","ar","-2"
"عّدّم كِفاية","ar","-2"
"عالي الجَوْدة","ar","2"
"علامة مُمَيَّزة","ar","1"
"على الماشي","ar","-1"
"عيب في البَرْمَجة","ar","-1"
"غَرابة بِشَكْل مُضْحِك","ar","-1"
"غَريب بِشَكْل مُضْحِك","ar","-1"
"غَزير الإنْتاج","ar","2"
"غَضَب شَديد","ar","-2"
"غَضَب شِديد","ar","-2"
"غَضْبان جِدّاً","ar","-2"
"غَيْر واضِح","ar","-1"
"غَيْر آدَمي","ar","-2"
"غَيْر آمِن","ar","-2"
"غَيْر بارِز","ar","1"
"غَيْر بارِع","ar","-2"
"غَيْر تَقْييدي","ar","2"
"غَيْر ثابِت","ar","-2"
"غَيْر جَدير","ar","-2"
"غَيْر جَذَّاب","ar","-2"
"غَيْر جَذّاب","ar","-2"
"غَيْر حَكيم","ar","-2"
"غَيْر خَدوم","ar","-2"
"غَيْر ذو فائدة","ar","-1"
"غَيْر راضٍ","ar","-2"
"غَيْر صِحّي","ar","-2"
"غَيْر صالِح للْأكْل","ar","-2"
"غَيْر صالح للعَيٍش","ar","-2"
"غَيْر ضَروري","ar","-1"
"غَيْر ضار","ar","1"
"غَيْر طَبيعي","ar","-2"
"غَيْر عَقْلاني","ar","-2"
"غَيْر عادِل","ar","-2"
"غَيْر فَعَّال","ar","-2"
"غَيْر فاتِح للشَهِيّة","ar","-2"
"غَيْر قابِل للاسْتِخْدام","ar","-2"
"غَيْر قابِل للعَرْض","ar","-2"
"غَيْر قادِر","ar","-2"
"غَيْر كُفء","ar","-2"
"غَيْر كافٍ","ar","-2"
"غَيْر كافي","ar","-2"
"غَيْر كامِل النُّضْج","ar","-2"
"غَيْر كامِل","ar","-2"
"غَيْر لَبِق","ar","-2"
"غَيْر لائق","ar","-3"
"غَيْر مَحْبوب","ar","-1"
"غَيْر مَرْغوب فيه","ar","-2"
"غَيْر مَرْغوب","ar","-2"
"غَيْر مَرئي","ar","-1"
"غَيْر مَسْبوق","ar","2"
"غَيْر مَسئول","ar","-2"
"غَيْر مَفْهوم","ar","-1"
"غَيْر مَقْبول","ar","-2"
"غَيْر مَقْروء","ar","-2"
"غَيْر مُبَرَّر","ar","-2"
"غَيْر مُبْدِع","ar","-2"
"غَيْر مُبْهِر","ar","-2"
"غَيْر مُبالي","ar","-1"
"غَيْر مُتَّزِن","ar","-2"
"غَيْر مُتَطَوِّر","ar","-1"
"غَيْر مُتَظاهِر","ar","1"
"غَيْر مُتَعَلِّم","ar","-2"
"غَيْر مُتَعاطِف","ar","-1"
"غَيْر مُتَوَفِّر","ar","-1"
"غَيْر مُتَوَقَّع","ar","-2"
"غَيْر مُتْقَن","ar","-1"
"غَيْر مُجَهَّز","ar","-1"
"غَيْر مُرَتَّب","ar","-1"
"غَيْر مُرَحَّب بِه","ar","-2"
"غَيْر مُرَكِّز","ar","-1"
"غَيْر مُرْتاح","ar","-1"
"غَيْر مُرْضٍ","ar","-2"
"غَيْر مُريح","ar","-2"
"غَيْر مُزْدَحِم","ar","2"
"غَيْر مُسْتَجيب","ar","-2"
"غَيْر مُسْتَخْدَم","ar","-2"
"غَيْر مُسْتَعِدّ","ar","-1"
"غَيْر مُسْتَقِرّ","ar","-1"
"غَيْر مُسْتَوي","ar","-2"
"غَيْر مُعَقَّد","ar","2"
"غَيْر مُكَلِّف","ar","1"
"غَيْر مُكْتَمِل","ar","-2"
"غَيْر مُلْفِت","ar","-1"
"غَيْر مُلْهَم","ar","-2"
"غَيْر مُلْهِم","ar","-2"
"غَيْر مُلائم","ar","-2"
"غَيْر مُنَظَّم","ar","-1"
"غَيْر مُنْبِهِر","ar","-2"
"غَيْر مُنْتَظِم","ar","-1"
"غَيْر مُنْتِج","ar","-2"
"غَيْر مُنْحاز","ar","1"
"غَيْر مُناسِب","ar","-2"
"غَيْر مُهِمّ","ar","-2"
"غَيْر مُهِم","ar","-1"
"غَيْر مُهْتَمّ","ar","-2"
"غَيْر مِضْياف","ar","-2"
"غَيْر مِهَني","ar","-2"
"غَيْر مؤثِّر","ar","-2"
"غَيْر مؤلِم","ar","2"
"غَيْر مؤمَّن","ar","-2"
"غَيْر مؤهَّل","ar","-2"
"غَيْر نَظيف","ar","-2"
"غَيْر ناجِح","ar","-2"
"غَيْر نافِع","ar","-2"
"غَيْر وَدود","ar","-2"
"غَيْر وَقور","ar","-2"
"غَيْر واثِق","ar","-2"
"غَيْر واعِد","ar","-2"
"غَيْر واقِعي","ar","-1"
"غَيْر ودّي","ar","-2"
"غّيْر لائق","ar","-2"
"غالي الثَّمَن بِشَكْلِ يَصْعُب مَعَهُ شِراؤه","ar","-2"
"غالي الثَّمَن","ar","-2"
"غالي زِيادة وصَعْب يِتْجاب","ar","-2"
"غيْر مؤاتي","ar","-2"
"فَرْحان جِدّاً","ar","2"
"فَلَّاح مِش مُتَمَدِّن","ar","-2"
"فَوْضى فَظيعة","ar","-3"
"فَوْق المُتَوَسِّط","ar","1"
"فُروغ صَبْر","ar","1"
"في العادة","ar","1"
"في الوَقْت الصَّح","ar","1"
"في الوَقْت الصَّحيح","ar","1"
"في أحْسَن حالة","ar","-2"
"في حالَتِه الأصْلِيّة","ar","1"
"في حالْتُه الأصْلِيّة","ar","1"
"في حالة جَيِّدة","ar","2"
"في حالة سَيِّئة","ar","-2"
"في صالِح حَدّ مُعَيَّن","ar","2"
"في مِحْنة","ar","-2"
"في وَقْتٍ غَيْر مُناسِب","ar","-1"
"في وَقْتٍ مِش مُناسِب","ar","-1"
"فيه مُشْكِلة","ar","-2"
"قَبْل أوانُه","ar","-1"
"قَديم بِشَكْل جَذّاب","ar","1"
"قَديم جِدّاً","ar","-1"
"قَلْبُه طَيِّب","ar","2"
"قَليل الاحْتِرام","ar","-2"
"قَليل الخِبْرة","ar","-2"
"قَليل الصَّبْر","ar","-1"
"قَوي العَضَلات","ar","1"
"قِلّة أدَب","ar","-2"
"كَثير التَّفْكير","ar","1"
"كَلام تِقَني غَيْر مَفْهوم","ar","-1"
"كَلام تِقَني مِش مَفْهوم","ar","-1"
"كَلام فَخْم لا مَعنى له","ar","-1"
"كَلام فارِغ","ar","-2"
"كَلام فاضي","ar","-3"
"كَلام كِبير عَلى الفاضي","ar","-1"
"كِتير جِدّاً","ar","3"
"لَمْ يَتِمّ الرَّدّ عَلَيْه","ar","-2"
"لَم يَتَحَقَّق","ar","-2"
"لَم يَتِمّ إصْلاحه","ar","-2"
"لَم يَتِمّ تَصْحيحه","ar","-2"
"لَم يَتِمّ حَلَّها","ar","-2"
"لَم يُحَقِّق طُموحه","ar","-2"
"لَيْس لَدَيْه العَدَد الكافي من العُمّال","ar","-2"
"لَيْس لَدَيْه مَخْزون كافٍ","ar","-2"
"لُه مَعْنى","ar","2"
"لُه هيبة","ar","2"
"لِحُسْن الحَظّ","ar","2"
"لا أخْلاقي","ar","-2"
"لا روح فيه","ar","-2"
"لا سِيَّما","ar","2"
"لا شَيْئ","ar","-2"
"لا عِلاقة لَه بالْمَوْضوع","ar","-1"
"لا غِنى عَنْه","ar","2"
"لا مَعْنى لَه","ar","-1"
"لا مُبَرِّر لَه","ar","-2"
"لا مُبالاة","ar","-2"
"لا نَظير له","ar","2"
"لا يَحْصُل على الطَّاقة الكافِية","ar","-2"
"لا يَخْضَع للتَّحَكُّم","ar","-2"
"لا يَعْمَل","ar","-2"
"لا يَعْمل","ar","-2"
"لا يُسَبِّب القَلَق","ar","2"
"لا يُصَدَّق","ar","3"
"لا يُطاق","ar","-2"
"لا يُعْتَمَد عَلَيْه","ar","-2"
"لا يُغْتَفَر","ar","-2"
"لا يُغْفر","ar","-2"
"لا يُقَدَّر بِثَمَن","ar","3"
"لا يُقاوَم","ar","2"
"لا يُمَثِّل مجْموعة ما","ar","-1"
"لا يُمْكِن ارْتِداءه","ar","-2"
"لا يُمْكِن الاسْتِماع إلَيْه","ar","-2"
"لا يُمْكِن التَّحَكُّم فيه","ar","-2"
"لا يُمْكِن الوُصول إلَيْه","ar","-2"
"لا يُمْكِن تَبْريره","ar","-2"
"لا يُمْكِن مُشاهَدَته","ar","-2"
"لا يُمْكِن نِسْيانه","ar","2"
"لا يُمْكِن هَزيمَته","ar","2"
"لا يتِمّ تَقْديره","ar","-2"
"مَاحَقَّقْش طُموحه","ar","-2"
"مَحَلّ تَقْدير","ar","2"
"مَحَلّ نِزاع","ar","-1"
"مَحْصور في صورة نَمَطِيّة","ar","-1"
"مَحْكوم عَلَيْه بِالْفَشَل","ar","-2"
"مَحْكوم عَلَيْه بِالْمَوْت","ar","-2"
"مَصْدَر جَيِّد لِلْمَعْلومات","ar","1"
"مَصْدَر كُوَيِّس لِلْمَعْلومات","ar","1"
"مَعَنْدوش خَبَر","ar","-2"
"مَعَندوش القُدْرة","ar","-2"
"مَعْمول بِتَسَرُّع","ar","-2"
"مَفيهوش روح","ar","-2"
"مَفيهوش عُيوب بَرْمَجة","ar","2"
"مَفيهوش غَلْطات","ar","2"
"مَفيهوش مَشاكِل","ar","2"
"مَلْيان حَيَوِيّة","ar","1"
"مَلْيان حَياة","ar","2"
"مَلْيان دُخّان","ar","-2"
"مَلْيان عُيوب بَرْمَجة","ar","-1"
"مَلوش ريحة","ar","1"
"مَلوش طَعْم","ar","-2"
"مَلوش عِلاقة بالْمَوْضوع","ar","-1"
"مَلوش فايدة","ar","-1"
"مَلوش مَعْنى","ar","-1"
"مَلئ بالْكَراهِية","ar","-2"
"مَلئ بالدُّخّان","ar","-2"
"مَلئ بالدّيدان","ar","-2"
"مَلئ بالفَيْروسات","ar","-2"
"مَلئ برائحة الدُّخّان","ar","-1"
"مَنْظَر رائع","ar","2"
"مَوْطِن قوة","ar","2"
"مَوْقِف دِفاعي","ar","-2"
"مَوْقِف ضَعْف","ar","-1"
"مَيْؤوس مِنْه","ar","-2"
"مُبالَغ في سِعْرِه","ar","-2"
"مُبالَغ فيه","ar","-2"
"مُبالَغة شَديدة","ar","-2"
"مُبالَغة فَظيعة","ar","-2"
"مُتَّسِم بالاحْتِرام","ar","2"
"مُتَبَلِّد الشُّعور","ar","-2"
"مُتَسَمِّر في مَكانه","ar","-2"
"مُتَظاهِر بالْوَرَع","ar","-2"
"مُتَعَدِّد الاسْتِخْدامات","ar","1"
"مُتَعَدِّد الجوانِب","ar","1"
"مُتَعَدِّد المَصادِر","ar","1"
"مُتَعَدِّد التَقافات","ar","1"
"مُتَنازَع عَلَيْه","ar","-1"
"مُثير لِلْجَدَل","ar","-2"
"مُثير لِلْغَضَب","ar","-2"
"مُثير لِلشّكّ","ar","-2"
"مُثير للشَّفَقة","ar","-2"
"مُخَيِّب لِلْأمَل","ar","-2"
"مُرْهَق الشَّكْل","ar","-2"
"مُراعي للْمَواعيد","ar","1"
"مُزْدَحِم بِسَبَب اخْتِناق مُروري","ar","-2"
"مُسَبِّب لِلْحَكَّة","ar","-1"
"مُسَبِّب لِلْغَضَب الشَّديد","ar","-2"
"مُسَبِّب للحَكّة","ar","-1"
"مُسْتَحِقّ للجَهْد المَبْذول","ar","2"
"مُسْتَشْفى المَجانين","ar","-2"
"مُضْحِك جِدّاً","ar","2"
"مُعْتَدّ بِنَفْسِه","ar","-1"
"مُعْتَرَض عَليه","ar","-2"
"مُعْتَرَف بِيه","ar","2"
"مُعامْلة وَحْشِيّة","ar","-3"
"مُفْعَم بالْحَيَوِيّة","ar","2"
"مُفْعَم بالحَيَوِيّة","ar","1"
"مُفْعَم بالشَّك","ar","-2"
"مُلايم لِلْعُمَلاء","ar","2"
"مُمْكِن الاعْتِماد عَلَيْه","ar","2"
"مُمْكِن يِتْحَقَّق","ar","1"
"مُمْكِن يِتْكَيِّف","ar","1"
"مُمْكِن يِعيش فيه","ar","1"
"مُنَظَّم بِشَكْل يَضْمَن كَفاءة العَمَل","ar","2"
"مُنَظَّم بِشَكْل يِضْمَن كَفاءة العَمَل","ar","2"
"مُنْجَز بِتَسَرُّع","ar","-2"
"مُناسِب للْمُسْتَهْلِك","ar","2"
"مُناسِب للأطْفال","ar","2"
"مُنعَدِم الحَيَوِيّة","ar","-2"
"مُهِمّ جِدّاً","ar","2"
"مُوَجَّه لِلْعُمَلاء","ar","2"
"مُوَجَّه لِلْمُسْتَهْلِك","ar","2"
"مِتَّنِّك","ar","-1"
"مِتْسَمَّر في مَكانه","ar","-2"
"مِتْكَسَّرة مَقاديفُه","ar","-2"
"مِش احْتِرافي","ar","-1"
"مِش الاحْتِرافِيّة","ar","-1"
"مِش آدَمي","ar","-2"
"مِش آمِن","ar","-2"
"مِش بِيِشْتَغَل","ar","-2"
"مِش بِيْحِبّ","ar","-2"
"مِش بِيْرَكِّز","ar","-2"
"مِش بِيْهِمُّه","ar","-2"
"مِش بِيْهِمُّه","ar","-1"
"مِش ثابِت","ar","-2"
"مِش جَذَّاب","ar","-2"
"مِش حَكيم","ar","-2"
"مِش خَدوم","ar","-2"
"مِش دَقيق","ar","-1"
"مِش راكِب","ar","-1"
"مِش شَخْصي","ar","-1"
"مِش صَحيح","ar","-2"
"مِش صالِح للْأكْل","ar","-2"
"مِش ضار","ar","1"
"مِش طَبيعيّ","ar","-1"
"مِش طَبيعي","ar","-2"
"مِش عَمَلي","ar","-2"
"مِش عادي","ar","2"
"مِش على بَعْضُه","ar","-2"
"مِش فاتِح للشَهِيّة","ar","-2"
"مِش قابِل للاسْتِخْدام","ar","-2"
"مِش قابِل للتَّطْبيق","ar","-2"
"مِش كُفء","ar","-2"
"مِش كِفاية","ar","-2"
"مِش كامِل","ar","-2"
"مِش لَبِق","ar","-2"
"مِش مَسْموع","ar","-2"
"مِش مَسئول","ar","-2"
"مِش مَظبوط","ar","-2"
"مِش مَعْمول كُوَيِّس","ar","-1"
"مِش مَفْهوم","ar","-2"
"مِش مَقْبول","ar","-2"
"مِش مَمْكِن الوُصول لُه","ar","-1"
"مِش مُبالي","ar","-1"
"مِش مُتَرابِط","ar","-1"
"مِش مُتَناسِب","ar","-1"
"مِش مُتَوَقَّع","ar","-2"
"مِش مُجَهَّز","ar","-1"
"مِش مُحَدَّد","ar","-2"
"مِش مُحْتَرَم","ar","-2"
"مِش مُسْتَجيب","ar","-2"
"مِش مُسْتَخْدَم","ar","-2"
"مِش مُشَجِّع","ar","-2"
"مِش مُشَرِّف","ar","-2"
"مِش مُكَلِّف","ar","1"
"مِش مُكْتَمِل","ar","-2"
"مِش مُلْفِت","ar","-1"
"مِش مُلْهَم","ar","-2"
"مِش مُمْكِن تِوْصَل له","ar","-2"
"مِش مُنْتَظِم","ar","-1"
"مِش مُنْتِج","ar","-2"
"مِش مُناسِب","ar","-2"
"مِش مُهِمّ","ar","-1"
"مِش مُهْتَمّ","ar","-2"
"مِش مُؤدَّب","ar","-2"
"مِش مِتْقَدَّر","ar","-2"
"مِش مِضْياف","ar","-2"
"مِش مِهَني","ar","-2"
"مِش ماشي","ar","-2"
"مِش مؤتِّر","ar","-2"
"مِش مؤلِم","ar","2"
"مِش ناضِج","ar","-1"
"مِش وَدود","ar","-2"
"مِش واثِق","ar","-2"
"مِش واضِح","ar","-2"
"مِش ودّي","ar","-2"
"مِنْ مِش مُقَدِّمات","ar","-1"
"مِن طَرْف مَناخيرُه","ar","-2"
"مِن غير حُدود","ar","1"
"مِن مِش آخِر","ar","-1"
"مِن مِش عُيوب","ar","2"
"مِن مِش مَجْهود","ar","1"
"مِن مِش مُقَدِّمات","ar","-1"
"مِن مِش ما يْهِمُّه","ar","-2"
"مِن مِش هَدَف","ar","-2"
"ما يِتْطاقش","ar","-3"
"ماتْرَدِّش عَليه","ar","-2"
"ماعنْدوش القُدْرة","ar","-2"
"مافيهوش عيب","ar","2"
"مالوش آخِر","ar","-1"
"مايُعْتَمَدْش عَليه","ar","-2"
"مايِتْقَدَّرْش بالفِلوس","ar","3"
"مايِنْفَعْش","ar","-2"
"معَندوش دَمّ","ar","-2"
"مفيهوش الضَّغْط","ar","2"
"مفيهوش بُقَع","ar","-2"
"مفيهوش خَلَل","ar","2"
"مفيهوش غَلْطات","ar","2"
"مفيهوش مَشاكِل","ar","2"
"ملوش طَعْم","ar","-2"
"من المُفارَقات","ar","-1"
"من مِش اهْتِمام","ar","-1"
"من مِش غَلْطات","ar","2"
"موضة قَديمة","ar","-1"
"نابِض بالْحَياة","ar","2"
"ناقِص","ar","-2"
"وَضْع مِش عادي","ar","2"
"وَقْت الانْتِظار","ar","-1"
"واخِد بالُه","ar","2"
"واخِد باله","ar","-1"
"واخِد عَليه","ar","2"
"واسِع الخِبْرة الحَياتِية","ar","1"
"ولا حاجة","ar","-2"
"يَبيع أكْثَر من المُتَوَفِّر","ar","-2"
"يَتَّسِم بالتَّبْديد","ar","-2"
"يَتَسَبَّب في الإضْعاف","ar","-1"
"يَجيب نَتايج عَكْسِيّة","ar","-2"
"يَسْتَحِقّ التَّوْبيخ","ar","-1"
"يَصْدِر صَريراً","ar","-2"
"يَصْعَب عَليك","ar","-2"
"يَضْرِب بِشِدّة","ar","-1"
"يَطْلُب ثَمَناً أعْلى","ar","-2"
"يَطْلُب مَعْلومات شَخْصِيَّة على الإنْتَرْنِت بِغَرَض الاحْتِيال","ar","-2"
"يَعْتَدي على مُمْتَلَكات الغَيْر","ar","-1"
"يَعْتَدي على مُمْتَلَكات الناس","ar","-1"
"يَعْمَل بِكَفاءة أقَلّ مِن المُتَوَقَّعة","ar","-2"
"يَفْتَقِر إلى","ar","-2"
"يَلوح في الأُفُق بِشَكْل مُهَدِّد","ar","-1"
"يَميل إلى الانْهِيار المُفاجئ","ar","-2"
"يَنْظُر بِغَضَب","ar","-1"
"يَنْهار بِشَكْل مُفاجئ","ar","-2"
"يُخَيِّب ظَنّ","ar","-2"
"يُزيد سوءاً","ar","-2"
"يُزيد في السِّعْر","ar","-2"
"يُزيد في تَقْدير","ar","-2"
"يُزيل لَوْن","ar","-1"
"يُسَبِّب الشُّعور بِالْقَلَق","ar","-2"
"يُسَمِّر شَخْصاً في مَكانه","ar","-2"
"يُسيئ اسْتِخْدام","ar","-2"
"يُسئ اسْتِخْدام","ar","-1"
"يُسئ مُعامَلة","ar","-2"
"يُطْلُب تَمَن أعْلى","ar","-2"
"يُطْلُب مَعْلومات شَخْصِيَّة على الإنْتَرْنِت بِغَرَض النَّصْب","ar","-2"
"يُعّرِّض لِلْخَطَر","ar","-2"
"يُعيد ثَمَن سِلْعة ما","ar","-1"
"يُغَيِّر رايَه","ar","-1"
"يُغَيِّر رأيه","ar","-2"
"يُغْضِب غَضَباً شَديداً","ar","-2"
"يُفْرِط في الإجْهاد","ar","-2"
"يُفْرِط في التَّسْخين","ar","-2"
"يُفْسِد بالدَّلال","ar","-2"
"يُفاوِض على سِعر أقَلّ","ar","2"
"يُقَلِّل مِن شأن","ar","-2"
"يُلْقي بالْقِمامة في الشّارع","ar","-1"
"يُمَثِّل مُشْكِلة","ar","-2"
"يُمْكِن الاعْتِماد عَلَيْه","ar","2"
"يِبيع أكْتَر من المُتَوَفِّر","ar","-2"
"يِتْصَرَّف بِتَناكة","ar","-2"
"يِحَمِّل شَخْص فوق طاقْتُه","ar","-2"
"يِحِبّ يِبْسِط كُل النّاس","ar","2"
"يِحِب يِساعِد","ar","2"
"يِخَيِّب أمَل","ar","-1"
"يِرَجَّع تَمَن حاجة مِتْباعة","ar","-1"
"يِرْمي زِبالة في الشّارع","ar","-1"
"يِزَوِّد في السِّعْر","ar","-2"
"يِزيد في تَقْدير","ar","-2"
"يِسَخَّن زِيادة","ar","-2"
"يِسْتَحِقّ التَّهزيق","ar","-1"
"يِسْتاهِل الاحْتِرام","ar","2"
"يِضْرَب جامِد|","ar","-1"
"يِعَرَّض لِلْخَطَر","ar","-1"
"يِعْرَف يِمَيِّز","ar","2"
"يِعامِل بِطَريقة سَخيفة","ar","-1"
"يِعامِل بِوَحْشِيّة","ar","-3"
"يِغَيَّر رأيه","ar","-1"
"يِقَلِّل من شأن","ar","-2"
"يِقِلّ مِن احْتِرام","ar","-2"
"يِكَسَّر مَقاديفه","ar","-2"
"يِموت في","ar","3"
"يِنْصَح ب","ar","2"
"يا دي النيلة!","ar","-3"
"يادي الخَرا","ar","-3"
"يادي الخرا","ar","-3"
"يكون مَقْبول","ar","1"
"فَوْري","ar","1"
"مُهْمَل","ar","-1"
"ابْتِسامة","ar","2"
"ابْتِكار","ar","2"
"ابْتِلا","ar","-2"
"ابْتِهاج","ar","2"
"اتِّهام","ar","-1"
"اتِّهامي","ar","-2"
"اجْتِماعي","ar","1"
"احْتِرام","ar","2"
"احْتِشام","ar","2"
"احْتِكار","ar","-1"
"احْتِلال","ar","-1"
"احْتِمال","ar","2"
"احْتِيال","ar","-2"
"اخْتِلاس","ar","-2"
"اسْتِتْنائي","ar","2"
"اسْتِثْنائي","ar","2"
"اسْتِغلال","ar","-2"
"اسْتِمتاع","ar","2"
"اضْطِهاد","ar","-3"
"اغْتِصاب","ar","-3"
"افْتِرائي","ar","-2"
"اقْتِحام","ar","-2"
"اكْتِياب","ar","-2"
"الْتِزام","ar","2"
"الاكأب","ar","-2"
"الأبْطأ","ar","-3"
"الأبهَت","ar","-2"
"الأتْعَس","ar","-3"
"الأثْبَت","ar","2"
"الأجَنّ","ar","-3"
"الأجْلَف","ar","-3"
"الأجْمَل","ar","3"
"الأحْسَن","ar","3"
"الأحْقَر","ar","-2"
"الأحْلى","ar","3"
"الأخْشَن","ar","-2"
"الأخْطَر","ar","-2"
"الأدَقّ","ar","2"
"الأدفا","ar","2"
"الأذْكى","ar","2"
"الأرْيَح","ar","3"
"الأزْحَم","ar","-2"
"الأسْخَف","ar","-2"
"الأسْرَع","ar","2"
"الأسْفَل","ar","-3"
"الأسْهَل","ar","3"
"الأسْوأ","ar","-3"
"الأشَدّ","ar","-2"
"الأشْجَع","ar","3"
"الأشْقى","ar","-3"
"الأشْيَك","ar","3"
"الأصَحّ","ar","2"
"الأصْعَب","ar","-2"
"الأضْخَم","ar","2"
"الأضْعَف","ar","-2"
"الأضْلَم","ar","-3"
"الأضأل","ar","-2"
"الأطْيَب","ar","3"
"الأعْظَم","ar","2"
"الأغْبى","ar","-2"
"الأغْرَب","ar","-2"
"الأغْلى","ar","-3"
"الأغْنى","ar","3"
"الأفْخَم","ar","3"
"الأفْضَل","ar","2"
"الأفْقَر","ar","-3"
"الأقْبَح","ar","-3"
"الأقْذَر","ar","-3"
"الأقْوى","ar","3"
"الأقسى","ar","-2"
"الأكْأب","ar","-2"
"الأكْتَر","ar","2"
"الأكْسَل","ar","-2"
"الألَذَ","ar","3"
"الألْطَف","ar","2"
"الأمَلّ","ar","-2"
"الأنْبَل","ar","3"
"الأنْدَر","ar","3"
"الأنْضَج","ar","2"
"الأنْضَف","ar","3"
"الأنْعَم","ar","3"
"الأنْقى","ar","2"
"الأهْدأ","ar","3"
"الأهْدى","ar","3"
"الأهدا","ar","2"
"الأوْحَش","ar","-3"
"الأوْقَح","ar","-3"
"البَرْزَخ","ar","-2"
"الكَثير","ar","1"
"اللَّعْنة","ar","-3"
"النّار","ar","-3"
"الهِوّ","ar","-2"
"انْتِشار","ar","1"
"انْتِظار","ar","-1"
"انْجِذاب","ar","2"
"انْزِعاج","ar","-2"
"انْزِلاق","ar","-2"
"انْسِجام","ar","2"
"انْسِحاب","ar","-1"
"انْفِعال","ar","-2"
"انْكِماش","ar","-2"
"إبْداع","ar","1"
"إتْقان","ar","3"
"إثارة","ar","2"
"إجْرامي","ar","-2"
"إحْباط","ar","-2"
"إحْراج","ar","-1"
"إخْتِفاء","ar","-1"
"إخْلاص","ar","1"
"إدِّباق","ar","-1"
"إرْهاق","ar","-2"
"إزْعاج","ar","-2"
"إسْتراتيجي","ar","1"
"إسْفِنْجي","ar","-1"
"إشْباع","ar","1"
"إشْمِئزاز","ar","-2"
"إعْجاب","ar","2"
"إعْصار","ar","-2"
"إغْفال","ar","-1"
"إفْلاس","ar","-2"
"إقْصاء","ar","-1"
"إلْحاح","ar","1"
"إلْهاء","ar","-2"
"إلْهام","ar","2"
"إنْبِعاج","ar","-2"
"إنْجَرّ","ar","-2"
"إنْجاز","ar","1"
"إنْحِطاط","ar","-2"
"إنْساني","ar","1"
"إنْعِدام","ar","-2"
"إهْتِمام","ar","2"
"إهْمال","ar","-2"
"إهانة","ar","-2"
"إيجابي","ar","2"
"أُسْطوري","ar","2"
"أبْلَه","ar","-3"
"أبْله","ar","-3"
"أثير","ar","2"
"أجَشّ","ar","-2"
"أحْسَن","ar","2"
"أحْمَق","ar","-3"
"أخَوي","ar","1"
"أخْرَس","ar","-3"
"أخْلاقي","ar","2"
"أدَب","ar","2"
"أذيّة","ar","-2"
"أزْمة","ar","-2"
"أسْوأ","ar","-2"
"أشْعَث","ar","-1"
"أصْلي","ar","1"
"أصالة","ar","1"
"أضْطِراب","ar","-2"
"أعْرَج","ar","-1"
"أعْلى","ar","2"
"أعْمى","ar","-2"
"أقَلّ","ar","-2"
"أكأب","ar","-3"
"أكيد","ar","1"
"ألَم","ar","-2"
"أمْلَس","ar","1"
"أمان","ar","2"
"أناني","ar","-2"
"أنيق","ar","1"
"أهْبَل","ar","-2"
"آثِم","ar","-2"
"آمِن","ar","2"
"بَجاحة","ar","-2"
"بَخيل","ar","-2"
"بَدْري","ar","2"
"بَذاءة","ar","-2"
"بَذئ","ar","-2"
"بَرَكة","ar","2"
"بَراعة","ar","2"
"بَري","ar","2"
"بَرئ","ar","2"
"بَساطة","ar","2"
"بَسيط","ar","2"
"بَشِع","ar","-2"
"بَصيرة","ar","2"
"بَطَل","ar","2"
"بَطئ","ar","-2"
"بَعيد","ar","-1"
"بَغيض","ar","-2"
"بَقَرَف","ar","-2"
"بَلْطَجي","ar","-2"
"بَلاغة","ar","1"
"بَليغ","ar","1"
"بَنّاء","ar","2"
"بَهْدَلة","ar","-1"
"بَهيج","ar","1"
"بَوْل","ar","-2"
"بُطء","ar","-1"
"بُطولي","ar","2"
"بُقْعة","ar","-2"
"بِإهْمال","ar","-2"
"بِأدب","ar","1"
"بِبَجاحة","ar","-2"
"بِبَذاءة","ar","-2"
"بِبَراءة","ar","2"
"بِبَشاعة","ar","-2"
"بِبَلاش","ar","1"
"بِبَلاغة","ar","1"
"بِبؤس","ar","-2"
"بِتَجْديف","ar","-2"
"بِتَحَدّي","ar","-1"
"بِتَرَدُّد","ar","-2"
"بِتَرْكيز","ar","1"
"بِتَشَكُّك","ar","-2"
"بِتَصَنُّع","ar","-2"
"بِتَعاسة","ar","-2"
"بِتَعاوُن","ar","2"
"بِتَفَكُّك","ar","-1"
"بِتَفَوُّق","ar","2"
"بِتَكْشيرة","ar","-2"
"بِتَناكة","ar","-2"
"بِتَهْذيب","ar","2"
"بِتَوَتُّر","ar","-2"
"بِتَوفيق","ar","2"
"بِتُقْل","ar","-1"
"بِتِقة","ar","2"
"بِتْرة","ar","-1"
"بِتأليس","ar","-1"
"بِجَمال","ar","2"
"بِجَهْل","ar","-3"
"بِجُبْن","ar","-2"
"بِجُنون","ar","-2"
"بِجِح","ar","-2"
"بِجْنان","ar","-2"
"بِحَماس","ar","2"
"بِحَنان","ar","2"
"بِحَيَوِيّة","ar","1"
"بِحُرِّيَّة","ar","2"
"بِحُزْن","ar","-2"
"بِحِدّة","ar","-1"
"بِحِقْد","ar","-2"
"بِحِكْمة","ar","2"
"بِخَجَل","ar","-2"
"بِخُبْت","ar","-2"
"بِخُبْث","ar","-2"
"بِخِبْرة","ar","2"
"بِخِيانة","ar","-2"
"بِخوف","ar","-2"
"بِدَهْوَلة","ar","-2"
"بِدِقَّة","ar","2"
"بِدِقّة","ar","1"
"بِدائي","ar","-1"
"بِذَكاء","ar","2"
"بِرَخاوة","ar","-1"
"بِرَشاقة","ar","2"
"بِرَوْعة","ar","3"
"بِراحة","ar","2"
"بِزَعَل","ar","-1"
"بِزْيادة","ar","-1"
"بِسَعادة","ar","2"
"بِسَفالة","ar","-2"
"بِسَلْبِيّة","ar","-2"
"بِسَلاسة","ar","2"
"بِسَلام","ar","1"
"بِسُخْرِية","ar","-1"
"بِسُرْعة","ar","2"
"بِسُهولة","ar","2"
"بِساغ","ar","-2"
"بِسآلة","ar","-2"
"بِشَجاعة","ar","2"
"بِشَرَف","ar","2"
"بِشَناعة","ar","-3"
"بِشْويش","ar","1"
"بِشْياكة","ar","2"
"بِصَبْر","ar","1"
"بِصَراحة","ar","1"
"بِصِدْق","ar","1"
"بِضَعْف","ar","-2"
"بِطَلاقة","ar","2"
"بِطاعة","ar","1"
"بِطيش","ar","-2"
"بِعَجْز","ar","-2"
"بِعَطْف","ar","2"
"بِعَفْوِيّة","ar","1"
"بِعَوَجان","ar","-2"
"بِعُمْق","ar","2"
"بِعِنْد","ar","-1"
"بِعاطِفة","ar","2"
"بِغَباء","ar","-2"
"بِغَرابة","ar","-1"
"بِغَضَب","ar","-2"
"بِفَخْر","ar","2"
"بِفَخامة","ar","2"
"بِفَصاحة","ar","1"
"بِفَظاعة","ar","-3"
"بِفَعالِية","ar","2"
"بِفَوْضى","ar","-2"
"بِفظاعة","ar","-3"
"بِقَذارة","ar","-3"
"بِقَرَف","ar","-2"
"بِقَسْوة","ar","-2"
"بِقُوّة","ar","2"
"بِقّذارة","ar","-2"
"بِكَرَم","ar","2"
"بِكَراهِية","ar","-2"
"بِكَسَل","ar","-1"
"بِكَفاءة","ar","2"
"بِكآبة","ar","-2"
"بِلَباقة","ar","2"
"بِلُطْف","ar","2"
"بِمَرارة","ar","-2"
"بِمَزازة","ar","-1"
"بِمُتابَرة","ar","2"
"بِمُثابَرة","ar","2"
"بِمْراعِيّة","ar","1"
"بِمهارة","ar","2"
"بِنَجَاح","ar","2"
"بِنَدَم","ar","-2"
"بِنَشاط","ar","1"
"بِنَقاء","ar","2"
"بِنُعومة","ar","2"
"بِهَبالة","ar","-2"
"بِهِمِجِيَّة","ar","-2"
"بِوَضاعة","ar","-2"
"بِوَقاحة","ar","-2"
"بِوُضوح","ar","1"
"بِوْضوح","ar","2"
"بِيَقْظة","ar","1"
"بِيُهْرُش","ar","-1"
"بِيِغْلي","ar","-1"
"بِيِفْشَل","ar","-2"
"بِيِلْعَب","ar","-1"
"بِيِلْمَع","ar","2"
"بِيِنْزِف","ar","-1"
"بِيْزَيَّق","ar","-2"
"بِيْشِدّ","ar","-2"
"بابْتِهاج","ar","2"
"باجْتِهاد","ar","1"
"باذْبِهْلال","ar","-1"
"بارِد","ar","-2"
"بارِز","ar","2"
"باعتِداد","ar","-1"
"بافْتِرا","ar","-2"
"بافْتِراء","ar","-2"
"باقي","ar","2"
"بالذّات","ar","2"
"بالرّاحة","ar","2"
"بالضَّبط","ar","1"
"بالظَّبط","ar","1"
"بالعافْية","ar","-1"
"بالغَصب","ar","-2"
"بالي","ar","-2"
"بامْتِنان","ar","2"
"بامْتِياز","ar","3"
"بانْتِصار","ar","2"
"بانفِعال","ar","-2"
"باهِت","ar","-1"
"باهْتِياج","ar","-2"
"بايِت","ar","-1"
"بايس","ar","-3"
"بائس","ar","-2"
"بإبْهار","ar","1"
"بإتْقان","ar","3"
"بإخْلاص","ar","2"
"بإعْجاز","ar","2"
"بإلْحاح","ar","1"
"بإنْسانِيّة","ar","1"
"بإهْمال","ar","-2"
"بأناقة","ar","2"
"بتَثاقُل","ar","-1"
"بعِنْد","ar","-1"
"بقْعة","ar","-2"
"بكَآبة","ar","-1"
"بمَرارة","ar","-2"
"بمُشاكَسة","ar","-1"
"بؤس","ar","-2"
"بيَأس","ar","-2"
"بيْشُكّ","ar","-2"
"بيئة","ar","-1"
"تَبْجيل","ar","1"
"تَبْديد","ar","-2"
"تَجَاهُل","ar","-1"
"تَجْديد","ar","2"
"تَجْديف","ar","-3"
"تَحَدّي","ar","-1"
"تَحْديف","ar","-1"
"تَحْريف","ar","-2"
"تَحْسين","ar","1"
"تَحامُل","ar","-1"
"تَخَبَّط","ar","-1"
"تَخَبُّط","ar","-1"
"تَدَهْوُر","ar","-2"
"تَدافُع","ar","-1"
"تَرَدُّد","ar","-2"
"تَرَف","ar","2"
"تَزييق","ar","-2"
"تَسَرُّع","ar","-1"
"تَسْريب","ar","-2"
"تَسْقيف","ar","2"
"تَسامُح","ar","2"
"تَشَنُّج","ar","-2"
"تَشْويه","ar","-2"
"تَشابُك","ar","-1"
"تَضْحِية","ar","-1"
"تَضارُب","ar","-2"
"تَطَرُّف","ar","-2"
"تَطَوُّر","ar","2"
"تَعَرُّف","ar","2"
"تَعْذيب","ar","-2"
"تَعْطيل","ar","-2"
"تَعْقيد","ar","-2"
"تَعاسة","ar","-2"
"تَعيس","ar","-2"
"تَفَوُّق","ar","3"
"تَفْرِقة","ar","-2"
"تَفاهة","ar","-1"
"تَقَدُّمي","ar","2"
"تَقْدير","ar","2"
"تَقْييدي","ar","-1"
"تَقي","ar","1"
"تَلَف","ar","-2"
"تَمْييزي","ar","-2"
"تَمييز","ar","-2"
"تَنافُسي","ar","2"
"تَناقُض","ar","-2"
"تَهَرُّب","ar","-1"
"تَهَوُّر","ar","-2"
"تَهْديد","ar","-2"
"تَهْديدي","ar","-2"
"تَهْذيب","ar","2"
"تَهْريب","ar","-2"
"تَهْريج","ar","-1"
"تَهْنيج","ar","-2"
"تَهْنئة","ar","2"
"تَوَتُّر","ar","-2"
"تَوْرة","ar","-2"
"تَوْري","ar","1"
"تَواكُل","ar","-1"
"تُحْفة","ar","3"
"تُلُوُّت","ar","-2"
"تِخين","ar","-3"
"تِقة","ar","2"
"تِقيل","ar","-2"
"تِكِن","ar","-2"
"تابِت","ar","2"
"تافِه","ar","-2"
"تالِف","ar","-2"
"تايِه","ar","-2"
"تأخير","ar","-2"
"ثَرْوة","ar","2"
"ثَراء","ar","2"
"ثَري","ar","2"
"ثَمين","ar","2"
"ثَوْرة","ar","-2"
"ثَوْري","ar","1"
"ثِقة","ar","2"
"ثابِت","ar","1"
"ثقة","ar","2"
"جَبان","ar","-2"
"جَدارة","ar","2"
"جَديد","ar","2"
"جَذَّاب","ar","2"
"جَذّاب","ar","2"
"جَريمة","ar","-2"
"جَزْمة","ar","-3"
"جَفاف","ar","-1"
"جَلَف","ar","-2"
"جَليل","ar","2"
"جَمال","ar","2"
"جَميل","ar","2"
"جَوْهَرة","ar","2"
"جَيِّد","ar","1"
"جُهَنَّمي","ar","-2"
"جِدَّاً","ar","2"
"جِدّاَ","ar","1"
"جِدال","ar","-2"
"جِلْدة","ar","-2"
"جِلْف","ar","-2"
"جِنْتِلْمان","ar","2"
"جِنان","ar","-3"
"جاحِد","ar","-2"
"جاذِبِيّة","ar","2"
"جاذِبيَّة","ar","2"
"جارِح","ar","-2"
"جامِد","ar","-2"
"جاهِل","ar","-2"
"جاي","ar","1"
"جايزة","ar","2"
"حَبَوب","ar","2"
"حَبّوب","ar","2"
"حَبيبي","ar","2"
"حَديت","ar","2"
"حَديث","ar","2"
"حَذِر","ar","-2"
"حَرْبي","ar","-2"
"حَريري","ar","2"
"حَزين","ar","-2"
"حَسّاس","ar","-1"
"حَقود","ar","-2"
"حَقير","ar","-2"
"حَكَّة","ar","-1"
"حَكيم","ar","2"
"حَماس","ar","2"
"حَميم","ar","2"
"حَنان","ar","2"
"حَيَوِيّة","ar","1"
"حَيَوان","ar","-3"
"حُبّ","ar","3"
"حُثالة","ar","-3"
"حُرِّيَّة","ar","2"
"حُزْن","ar","-2"
"حُطام","ar","-1"
"حُلْو","ar","2"
"حُمار","ar","-3"
"حِكْمة","ar","2"
"حِلو","ar","2"
"حِنَيِّن","ar","2"
"حّدْسي","ar","1"
"حاسِم","ar","1"
"حالِم","ar","1"
"حالاً","ar","2"
"حقّاً","ar","1"
"حيرة","ar","-2"
"خَبْط","ar","-2"
"خَبيت","ar","-2"
"خَبيث","ar","-2"
"خَبير","ar","2"
"خَجول","ar","-2"
"خَدوم","ar","2"
"خَرِب","ar","-2"
"خَراب","ar","-2"
"خَسْران","ar","-2"
"خَشِن","ar","-1"
"خَطَر","ar","-2"
"خَطِر","ar","-2"
"خَطِير","ar","-2"
"خَطأ","ar","-2"
"خَطير","ar","-2"
"خَفي","ar","-1"
"خَلَل","ar","-1"
"خَوَل","ar","-3"
"خَوْف","ar","-2"
"خُسارة","ar","-2"
"خُمول","ar","-2"
"خِداع","ar","-2"
"خِزْي","ar","-2"
"خِشِن","ar","-1"
"خِلاف","ar","-2"
"خِناق","ar","-2"
"خِيانة","ar","-2"
"خادِع","ar","-2"
"خارِق","ar","3"
"خاسِر","ar","-2"
"خامِل","ar","-2"
"خانِق","ar","-2"
"خايِن","ar","-2"
"خايف","ar","-2"
"خاين","ar","-2"
"خائن","ar","-2"
"خرا","ar","-3"
"خوف","ar","-2"
"دَقيق","ar","2"
"دَمَوي","ar","-2"
"دَمْعة","ar","-2"
"دَوْشة","ar","-1"
"دِفء","ar","1"
"دّقيق","ar","1"
"داعِم","ar","1"
"دافي","ar","2"
"دامِع","ar","-1"
"دامِعاً","ar","-2"
"داهْية","ar","-1"
"درامي","ar","-1"
"دودة","ar","-2"
"ديبْلوماسي","ar","1"
"ديكْتاتوري","ar","-2"
"ديكور","ar","2"
"ذَكي","ar","2"
"ذَنْب","ar","-2"
"ذُلّ","ar","-2"
"ذِهْني","ar","1"
"رَتابة","ar","-1"
"رَتيب","ar","-1"
"رَثّ","ar","-1"
"رَثاء","ar","-1"
"رَثاثة","ar","-1"
"رَحْمة","ar","2"
"رَحيم","ar","2"
"رَخْو","ar","-1"
"رَداءة","ar","-2"
"رَدئ","ar","-2"
"رَشاقة","ar","2"
"رَشيق","ar","2"
"رَطِب","ar","-1"
"رَفْض","ar","-2"
"رَقيق","ar","1"
"رَوْحاني","ar","1"
"رَوْحي","ar","1"
"رَوْعة","ar","2"
"رَواج","ar","2"
"رُطوبة","ar","-1"
"رُعْب","ar","-3"
"رُفَيَّع","ar","-1"
"رُقِيّ","ar","2"
"رُكود","ar","-1"
"رِضا","ar","2"
"رِقّة","ar","1"
"راحة","ar","2"
"راضي","ar","2"
"راقي","ar","2"
"راكِد","ar","-1"
"رائج","ar","2"
"رائد","ar","1"
"رائع","ar","2"
"رغّاي","ar","-1"
"زَحْلَقة","ar","-2"
"زَحْمة","ar","-2"
"زَعَل","ar","-2"
"زَعْلان","ar","-2"
"زَعلان","ar","-2"
"زَغلَلة","ar","-1"
"زَلِق","ar","-2"
"زَنْقة","ar","-2"
"زَهَق","ar","-2"
"زَهْقان","ar","-2"
"زُبْر","ar","-2"
"زِبالة","ar","-2"
"زِبر","ar","-3"
"زِميل","ar","1"
"زِنجي","ar","-1"
"زاحِف","ar","-1"
"زاهي","ar","1"
"زايِد","ar","-1"
"زائف","ar","-2"
"سَآلة","ar","-2"
"سَخافة","ar","-1"
"سَخيف","ar","-2"
"سَدّ","ar","-2"
"سَريع","ar","2"
"سَطْحي","ar","-1"
"سَعادة","ar","2"
"سَعيد","ar","2"
"سَفالة","ar","-2"
"سَلْبي","ar","-2"
"سَلامة","ar","1"
"سَماوي","ar","3"
"سَهْل","ar","2"
"سَيِّئ","ar","-2"
"سَيِّئ","ar","-2"
"سَييل","ar","-2"
"سُبْحانُه","ar","3"
"سُخْرِية","ar","-1"
"سُقوط","ar","-2"
"سُمُوّ","ar","2"
"سُمّ","ar","-2"
"سُهولة","ar","2"
"سِجْن","ar","-2"
"سِحْر","ar","2"
"سِحْري","ar","2"
"سِرّي","ar","-1"
"سِلْمِيَة","ar","2"
"سِلْمي","ar","1"
"سِمّ","ar","-2"
"ساحِر","ar","2"
"ساحِق","ar","-2"
"ساخِر","ar","-1"
"ساذِج","ar","-1"
"سار","ar","2"
"سافِل","ar","-2"
"ساقِطة","ar","-2"
"سامّ","ar","-2"
"سائد","ar","1"
"سوء","ar","-2"
"سوقي","ar","-2"
"شَجاع","ar","1"
"شَحَات","ar","-2"
"شَديد","ar","-2"
"شَرَف","ar","2"
"شَرْموطة","ar","-2"
"شَريف","ar","2"
"شَعْبِية","ar","2"
"شَغَب","ar","-2"
"شَقي","ar","-2"
"شَكْوى","ar","-2"
"شَكّ","ar","-2"
"شَكّاي","ar","-2"
"شَنيع","ar","-3"
"شَهْم","ar","2"
"شَهْوة","ar","-2"
"شَهامة","ar","2"
"شَيْطان","ar","-2"
"شَيْطاني","ar","-2"
"شُجاع","ar","2"
"شُذوذ","ar","-1"
"شُمول","ar","1"
"شِديد","ar","-2"
"شِرّير","ar","-2"
"شِعْري","ar","1"
"شِلَّة","ar","-1"
"شِياكة","ar","1"
"شاكِر","ar","2"
"شاكي","ar","-2"
"شائع","ar","2"
"شائك","ar","-2"
"شائن","ar","-2"
"شيك","ar","2"
"صَدْمة","ar","-2"
"صَريح","ar","1"
"صَرير","ar","-2"
"صَعْب","ar","-2"
"صُداع","ar","-2"
"صُرْصار","ar","-2"
"صُعوبة","ar","-2"
"صُعود","ar","2"
"صِحّي","ar","2"
"صِدْق","ar","1"
"صاخِب","ar","-1"
"صادِق","ar","2"
"صادِم","ar","-2"
"صارِم","ar","-1"
"صخَب","ar","-1"
"ضَرَر","ar","-2"
"ضَرْب","ar","-2"
"ضَعْف","ar","-1"
"ضَعيف","ar","-2"
"ضَغْط","ar","-2"
"ضَغيف","ar","-2"
"ضَلْمة","ar","-2"
"ضَيَّق","ar","-1"
"ضَيِّق","ar","-1"
"ضَئيل","ar","-2"
"ضار","ar","-2"
"ضايِع","ar","-2"
"ضائع","ar","-2"
"ضيق","ar","-1"
"طَري","ar","-1"
"طَفْح","ar","-1"
"طَفاسة","ar","-1"
"طَلاقة","ar","2"
"طَمَّاع","ar","-2"
"طَموح","ar","2"
"طَيِّب","ar","2"
"طُلوع","ar","2"
"طارئ","ar","-2"
"طازة","ar","2"
"طاغي","ar","-2"
"طايش","ar","-2"
"طائش","ar","-2"
"طيبة","ar","2"
"طيز","ar","-3"
"ظَريف","ar","2"
"ظَلام","ar","-1"
"عَبَت","ar","-1"
"عَبْقَري","ar","3"
"عَبيط","ar","-3"
"عَتيق","ar","-2"
"عَجْز","ar","-2"
"عَذاب","ar","-2"
"عَرْص","ar","-3"
"عَرْقان","ar","-2"
"عَرص","ar","-3"
"عَزيزي","ar","2"
"عَشْوايي","ar","-1"
"عَشْوائي","ar","-1"
"عَصْري","ar","2"
"عَطْف","ar","2"
"عَظيم","ar","2"
"عَفَن","ar","-2"
"عَفِن","ar","-2"
"عَفْوي","ar","1"
"عَقَبة","ar","-2"
"عَقْل","ar","2"
"عَقْلاني","ar","1"
"عَقوبة","ar","-2"
"عَقيم","ar","-3"
"عَكْس","ar","-1"
"عَكْسي","ar","-1"
"عَلَناً","ar","2"
"عَمْداً","ar","-2"
"عَميق","ar","2"
"عَنيد","ar","-2"
"عَنيف","ar","-2"
"عَوَجان","ar","-2"
"عَيْب","ar","-2"
"عُبودِية","ar","-2"
"عُدْوانِيّة","ar","-2"
"عُدْواني","ar","-2"
"عُدوانِيّة","ar","-2"
"عُذر","ar","-1"
"عُرْضة","ar","-1"
"عُطْل","ar","-2"
"عُقْدة","ar","-2"
"عُقوبة","ar","-2"
"عُنْصُري","ar","-2"
"عُنْف","ar","-2"
"عِبء","ar","-2"
"عِبادة","ar","3"
"عِصْيان","ar","-1"
"عاجِز","ar","-2"
"عادِل","ar","2"
"عادي","ar","-1"
"عار","ar","-2"
"عاصِف","ar","-1"
"عاطِفي","ar","2"
"عاطِل","ar","-1"
"عاقِل","ar","1"
"عامّةً","ar","1"
"عيب","ar","-2"
"غَباء","ar","-2"
"غَبي","ar","-2"
"غَرْقان","ar","-2"
"غَرابة","ar","-1"
"غَرام","ar","2"
"غَريب","ar","-1"
"غَريزي","ar","1"
"غَزْو","ar","-1"
"غَضَب","ar","-2"
"غَضْبان","ar","-2"
"غَلَط","ar","-2"
"غَلْطان","ar","-2"
"غَلْطة","ar","-2"
"غَني","ar","2"
"غُموض","ar","-1"
"غِنى","ar","2"
"غاضِب","ar","-3"
"غالي","ar","-2"
"غامِر","ar","-2"
"غامِض","ar","-2"
"غايِب","ar","-1"
"غيرة","ar","-2"
"فَجْأة","ar","-1"
"فَخْر","ar","2"
"فَخْم","ar","2"
"فَخّ","ar","-2"
"فَخامة","ar","2"
"فَرْحان","ar","2"
"فَرْحة","ar","2"
"فَرْض","ar","-1"
"فَزَع","ar","-2"
"فَساد","ar","-2"
"فَشَل","ar","-2"
"فَصاحة","ar","1"
"فَصيح","ar","1"
"فَضيحة","ar","-2"
"فَضيلة","ar","1"
"فَظّ","ar","-1"
"فَظاظة","ar","-1"
"فَظاعة","ar","-3"
"فَظيع","ar","-2"
"فَعّال","ar","2"
"فَعالِية","ar","2"
"فَقْر","ar","-2"
"فَقير","ar","-2"
"فَلْحَسة","ar","-1"
"فَلاح","ar","-2"
"فَوْضَوِيَّة","ar","-2"
"فَوْضَوي","ar","-2"
"فَوْضى","ar","-2"
"فَيَضان","ar","-2"
"فَيروس","ar","-1"
"فُرْصة","ar","1"
"فُرصة","ar","2"
"فُضولي","ar","-1"
"فُقْفيقة","ar","-1"
"فِضيحة","ar","-2"
"فِعلاً","ar","1"
"فِهْم","ar","2"
"فاتِر","ar","-1"
"فارِغ","ar","-1"
"فاسِد","ar","-2"
"فاسِق","ar","-3"
"فاشِل","ar","-2"
"فاضِح","ar","-2"
"فاضِل","ar","1"
"فاضي","ar","-2"
"فاهِم","ar","1"
"فائز","ar","2"
"قًوي","ar","2"
"قَبول","ar","1"
"قَبيح","ar","-2"
"قَتْل","ar","-3"
"قَديم","ar","-2"
"قَذِر","ar","-2"
"قَذْف","ar","-2"
"قَذارة","ar","-2"
"قَرَص","ar","-2"
"قَرَف","ar","-2"
"قَرْفان","ar","-2"
"قَضيب","ar","-2"
"قَطْع","ar","-1"
"قَلَق","ar","-2"
"قَلِق","ar","-2"
"قَلْقان","ar","-2"
"قَمْع","ar","-2"
"قَمعي","ar","-2"
"قَوي","ar","2"
"قَيْد","ar","-1"
"قُبْح","ar","-2"
"قُرَيِّب","ar","2"
"قُوّة","ar","2"
"قِتال","ar","-2"
"قِدَم","ar","-1"
"قِشْرة","ar","-1"
"قِمامة","ar","-2"
"قادِر","ar","1"
"قاسي","ar","-2"
"قاطِع","ar","1"
"قوة","ar","2"
"قيد","ar","-1"
"كَآبة","ar","-1"
"كَدْمة","ar","-1"
"كَرَم","ar","2"
"كَرْب","ar","-2"
"كَراهِية","ar","-2"
"كَريم","ar","2"
"كَريه","ar","-2"
"كَسَل","ar","-2"
"كَسول","ar","-2"
"كَشَشان","ar","-2"
"كَعْبَلة","ar","-2"
"كَفاءة","ar","2"
"كَيْدي","ar","-2"
"كَييب","ar","-2"
"كَئيب","ar","-2"
"كُتْلة","ar","-1"
"كُفْء","ar","2"
"كُفْر","ar","-2"
"كُفء","ar","2"
"كُوَيِّس","ar","2"
"كُئيب","ar","-2"
"كِتير","ar","2"
"كِفاية","ar","1"
"كّرامة","ar","2"
"كابوس","ar","-2"
"كارِه","ar","-2"
"كارْتة","ar","-2"
"كافِر","ar","-2"
"كافي","ar","1"
"كوكايين","ar","-3"
"كوكائين","ar","-3"
"كيوت","ar","2"
"كييب","ar","-2"
"لَبِق","ar","2"
"لَحوح","ar","-1"
"لَخْبَطة","ar","-2"
"لَذّة","ar","2"
"لَذيذ","ar","2"
"لَزِج","ar","-2"
"لَزْقة","ar","-2"
"لَطْخة","ar","-2"
"لَطيف","ar","2"
"لَعْنة","ar","-2"
"لَوْم","ar","-2"
"لُطْخة","ar","-2"
"لُغْز","ar","-2"
"لُواطِيّة","ar","-3"
"لادِع","ar","-2"
"لاذِع","ar","-1"
"لامُبالي","ar","-1"
"لامِع","ar","1"
"للأسَف","ar","-2"
"لوم","ar","-2"
"مٍتَرَّب","ar","-1"
"مَأساة","ar","-3"
"مَأسوي","ar","-3"
"مَبْسوط","ar","2"
"مَبْلول","ar","-2"
"مَتْفَلْحَس","ar","-1"
"مَتين","ar","2"
"مَجْنون","ar","-2"
"مَحْبوب","ar","2"
"مَحْدود","ar","-2"
"مَحْروم","ar","-1"
"مَحْظوظ","ar","2"
"مَدْروس","ar","2"
"مَديح","ar","2"
"مَرَضي","ar","-2"
"مَرِن","ar","1"
"مَرْعوب","ar","-2"
"مَرْغوب","ar","2"
"مَسْرَحي","ar","-1"
"مَسْرور","ar","2"
"مَسْموم","ar","-1"
"مَسْئول","ar","2"
"مَساوي","ar","-1"
"مَسئول","ar","2"
"مَشْبوه","ar","-2"
"مَشْحون","ar","-1"
"مَشْهور","ar","2"
"مَصْدوم","ar","-2"
"مَصْقول","ar","1"
"مَطّاطي","ar","-2"
"مَعَندوش دَمّ","ar","-3"
"مَعْصوم","ar","2"
"مَعْقول","ar","2"
"مَعْووج","ar","-2"
"مَعْيوب","ar","-2"
"مَعروف","ar","2"
"مَعووج","ar","-1"
"مَغْرور","ar","-1"
"مَفْتون","ar","2"
"مَفْضوح","ar","-2"
"مَفْقود","ar","-2"
"مَقْبول","ar","1"
"مَقْطوع","ar","-1"
"مَكْسور","ar","-2"
"مَلْجأ","ar","1"
"مَلْحَمي","ar","2"
"مَلْعون","ar","-2"
"مَلْكَعة","ar","-1"
"مَلْموم","ar","2"
"مَمْصوص","ar","-1"
"مَنْحوس","ar","-2"
"مَنْطِقي","ar","2"
"مَنْفوخ","ar","-1"
"مَهْجور","ar","-2"
"مَهْدور","ar","-1"
"مَهْزَلة","ar","-1"
"مَهْزوم","ar","-2"
"مَهارة","ar","2"
"مَهيب","ar","2"
"مَوْضوعي","ar","1"
"مَوْهوب","ar","2"
"مَيِّت","ar","-2"
"مُبَجَّل","ar","2"
"مُبَدَّد","ar","-2"
"مُبَدِّد","ar","-2"
"مُبَعْثَر","ar","-1"
"مُبَكِّر","ar","-1"
"مُبَكِّراً","ar","-1"
"مُبْتَذَل","ar","-2"
"مُبْتَكِر","ar","2"
"مُبْتَهِج","ar","2"
"مُبْدِع","ar","1"
"مُبْهِر","ar","2"
"مُبادِر","ar","1"
"مُبارَك","ar","2"
"مُبارْكة","ar","2"
"مُبتَلّ","ar","-2"
"مُتَّهَم","ar","-2"
"مُتَاخِّر","ar","-2"
"مُتَبَصِّر","ar","1"
"مُتَباهي","ar","-2"
"مُتَجاهِل","ar","-1"
"مُتَجاوِب","ar","1"
"مُتَحَجِّر","ar","-2"
"مُتَحَدّي","ar","-1"
"مُتَحَذْلِق","ar","-1"
"مُتَحَضِّر","ar","1"
"مُتَحَفِّظ","ar","-1"
"مُتَحَمِّس","ar","2"
"مُتَحَمِّس","ar","1"
"مُتَخَلِّف","ar","-2"
"مُتَخَوِّف","ar","-1"
"مُتَدَفِّق","ar","1"
"مُتَدَيِّن","ar","1"
"مُتَداعي","ar","-2"
"مُتَرَدِّد","ar","-2"
"مُتَرَدِّد","ar","-1"
"مُتَرَهِّل","ar","-2"
"مُتَرابِط","ar","1"
"مُتَزَعْزِع","ar","-1"
"مُتَسَلِّط","ar","-2"
"مُتَسَوِّس","ar","-2"
"مُتَسامِح","ar","2"
"مُتَساهِل","ar","-1"
"مُتَشَكِّك","ar","-2"
"مُتَشابِك","ar","-1"
"مُتَضارِب","ar","-2"
"مُتَطَرِّف","ar","-2"
"مُتَطَلِّب","ar","-2"
"مُتَطَوِّر","ar","2"
"مُتَظاهِر","ar","-1"
"مُتَعَجْرِف","ar","-1"
"مُتَعَرِّق","ar","-2"
"مُتَعَصِّب","ar","-2"
"مُتَعَفِّن","ar","-2"
"مُتَعاوِن","ar","2"
"مُتَفَجِّر","ar","-2"
"مُتَفَوِّق","ar","2"
"مُتَفاني","ar","1"
"مُتَفائل","ar","2"
"مُتَقَّف","ar","2"
"مُتَقَبِّل","ar","1"
"مُتَقَلِّب","ar","-1"
"مُتَكَبِّر","ar","-2"
"مُتَكَتِّل","ar","-1"
"مُتَكَلِّف","ar","-1"
"مُتَكاسِل","ar","-1"
"مُتَلَوّي","ar","-1"
"مُتَلاعِب","ar","-1"
"مُتَمَرِّد","ar","-2"
"مُتَمَلِّق","ar","-2"
"مُتَمَيِّز","ar","2"
"مُتَماسِك","ar","1"
"مُتَمايِل","ar","-2"
"مُتَناسِق","ar","1"
"مُتَنافِر","ar","-2"
"مُتَناقِض","ar","-2"
"مُتَهَوِّر","ar","-2"
"مُتَوَتِّر","ar","-2"
"مُتَوَسِّط","ar","-1"
"مُتَواضِع","ar","1"
"مُتْرَف","ar","2"
"مُتْعِب","ar","-2"
"مُتْعة","ar","2"
"مُتْقَن","ar","2"
"مُتْمِر","ar","2"
"مُثَبِّط","ar","-2"
"مُثَقَّف","ar","2"
"مُثْقَل","ar","-1"
"مُثابَرة","ar","2"
"مُثابِر","ar","2"
"مُثير","ar","2"
"مُجَدَّد","ar","2"
"مُجْبَر","ar","-2"
"مُجْتَهِد","ar","2"
"مُجْرِم","ar","-2"
"مُجْهِد","ar","-2"
"مُجامِل","ar","2"
"مُجامْلة","ar","1"
"مُحَبَّب","ar","1"
"مُحَرَّف","ar","-2"
"مُحَفِّز","ar","2"
"مُحَمَّل","ar","-1"
"مُحِبّ","ar","2"
"مُحْبَط","ar","-2"
"مُحْبِط","ar","-2"
"مُحْتَرَم","ar","2"
"مُحْرَج","ar","-2"
"مُحْرِج","ar","-2"
"مُحْسِن","ar","1"
"مُحتال","ar","-2"
"مُخَرَّب","ar","-2"
"مُخَرِّب","ar","-2"
"مُخَفَّض","ar","-2"
"مُخِلِص","ar","1"
"مُخْتَصَر","ar","1"
"مُخْتَلّ","ar","-2"
"مُخْجِل","ar","-2"
"مُخْزي","ar","-2"
"مُخْلِص","ar","2"
"مُخادِع","ar","-2"
"مُخيف","ar","-2"
"مُدَمَّر","ar","-2"
"مُدَمِّر","ar","-2"
"مُدَوّي","ar","-1"
"مُدْمِن","ar","-2"
"مُدْهَب","ar","1"
"مُدْهِش","ar","3"
"مُذِلّ","ar","-2"
"مُذْنِب","ar","-2"
"مُذْهِل","ar","2"
"مُرْبِك","ar","-2"
"مُرْتَشي","ar","-2"
"مُرْتَعِب","ar","-2"
"مُرْتاح","ar","2"
"مُرْضي","ar","2"
"مُرْعِب","ar","-2"
"مُرْعوب","ar","-3"
"مُرْهَق","ar","-2"
"مُرْهِق","ar","-2"
"مُرّ","ar","-2"
"مُراعي","ar","1"
"مُرتَبِك","ar","-1"
"مُرعِب","ar","-3"
"مُرونة","ar","1"
"مُريب","ar","-2"
"مُريح","ar","2"
"مُزَعْزَع","ar","-2"
"مُزَيَّف","ar","-2"
"مُزَيِّف","ar","-2"
"مُزْعِج","ar","-2"
"مُسَرِّب","ar","-2"
"مُسَلَي","ar","2"
"مُسَلّي","ar","2"
"مُسْتَحيل","ar","-2"
"مُسْتَرْخي","ar","2"
"مُسْتَشْري","ar","-2"
"مُسْتَغِلّ","ar","-2"
"مُسْتَفِزّ","ar","-2"
"مُسْتَنْقَع","ar","-1"
"مُسْتَهزئ","ar","-1"
"مُسْتهْتِر","ar","-2"
"مُسالِم","ar","1"
"مُشَجِّع","ar","2"
"مُشَكِّك","ar","-2"
"مُشَكِّك","ar","-2"
"مُشَوَّه","ar","-2"
"مُشَوِّق","ar","2"
"مُشْكِلة","ar","-2"
"مُشاغِب","ar","-2"
"مُشاكِس","ar","-2"
"مُشكِلة","ar","-2"
"مُصَمِّم","ar","2"
"مُصْطَنَع","ar","-1"
"مُصيبة","ar","-2"
"مُضَلَّل","ar","-2"
"مُضْحِك","ar","1"
"مُضْطَرِب","ar","-2"
"مُضْني","ar","-2"
"مُضايَقة","ar","-2"
"مُضايْقة","ar","-2"
"مُطَّلِع","ar","1"
"مُطَمْئن","ar","2"
"مُطارِد","ar","-2"
"مُطيع","ar","1"
"مُعَبِّر","ar","2"
"مُعَذِّب","ar","-2"
"مُعَرَّض","ar","-1"
"مُعَطَّل","ar","-1"
"مُعَطِّل","ar","-2"
"مُعْجَب","ar","2"
"مُعْجِزة","ar","2"
"مُعْضِلة","ar","-1"
"مُعادي","ar","-2"
"مُعارَضة","ar","-1"
"مُعارْضة","ar","-1"
"مُعاصِر","ar","1"
"مُعافى","ar","1"
"مُعاكِس","ar","-2"
"مُعاناة","ar","-2"
"مُغْرَم","ar","2"
"مُغْري","ar","2"
"مُفَضَّل","ar","2"
"مُفْرِح","ar","2"
"مُفْرِط","ar","-1"
"مُفْسِد","ar","-2"
"مُفيد","ar","2"
"مُقَيَّد","ar","-2"
"مُقْتَضَب","ar","-2"
"مُقْرِف","ar","-2"
"مُقْلِق","ar","-2"
"مُقْنِع","ar","2"
"مُقاطَعة","ar","-1"
"مُقاطْعة","ar","-1"
"مُكْتَظ","ar","-1"
"مُكْتَيب","ar","-2"
"مُلَطِّف","ar","1"
"مُلَوَّت","ar","-2"
"مُلْفِت","ar","2"
"مُلْهِم","ar","2"
"مُمَزَّق","ar","-2"
"مُمَيَّز","ar","2"
"مُمِلّ","ar","-2"
"مُمْتَنّ","ar","2"
"مُمْتِع","ar","2"
"مُمْتاز","ar","2"
"مُميت","ar","-2"
"مُنَظَّم","ar","1"
"مُنِظَّم","ar","1"
"مُنْبَعِج","ar","-2"
"مُنْتَشِر","ar","2"
"مُنْتِج","ar","1"
"مُنْحَدِر","ar","-2"
"مُنْحَرِف","ar","-2"
"مُنْحَصِر","ar","-1"
"مُنْحَطّ","ar","-2"
"مُنْحاز","ar","-1"
"مُنْدَفِع","ar","-1"
"مُنْزَعِج","ar","-2"
"مُنْسَجِم","ar","2"
"مُنْسَلّ","ar","-2"
"مُنْصِف","ar","1"
"مُنْطِق","ar","1"
"مُنْعَزِل","ar","-1"
"مُنْفَجِر","ar","-2"
"مُنْفَصِل","ar","-1"
"مُنْقِذ","ar","3"
"مُنْكوش","ar","-2"
"مُنْهَك","ar","-2"
"مُنْهِك","ar","-2"
"مُناسِب","ar","2"
"مُنافِق","ar","-2"
"مُهَدَّد","ar","-2"
"مُهَدِّد","ar","-2"
"مُهَذَّب","ar","2"
"مُهَرِّج","ar","-1"
"مُهَيِّج","ar","-2"
"مُهْدَر","ar","-1"
"مُهْمِل","ar","-2"
"مُهين","ar","-2"
"مُوَفَّق","ar","2"
"مُوَفِّر","ar","2"
"مُوّبِّخ","ar","-1"
"مِبَعْتَر","ar","-1"
"مِبَقَّع","ar","-1"
"مِبَهْدِل","ar","-2"
"مِبَهْرَج","ar","-1"
"مِتَضايِق","ar","-2"
"مِتَوازِن","ar","1"
"مِتْأجِّل","ar","-1"
"مِتْأخِّر","ar","-2"
"مِتْحَجَّر","ar","-2"
"مِتْحَمِّل","ar","-1"
"مِتْضَرَّر","ar","-2"
"مِتْعَصَّب","ar","-2"
"مِتْعَكْنِن","ar","2"
"مِتْعَنْطَز","ar","-2"
"مِتْفَرْفِت","ar","-2"
"مِتْفَكِّك","ar","-1"
"مِتْقَطَّع","ar","-2"
"مِتْلَخْبَط","ar","-2"
"مِتْلَمَّع","ar","1"
"مِتْلَوّي","ar","-1"
"مِتْنَرْفِز","ar","-2"
"مِتْنَوَّر","ar","2"
"مِتْناك","ar","-3"
"مِتْهَنّي","ar","2"
"مِتأخَّر","ar","-1"
"مِتكَعْبِل","ar","-1"
"مِثالِيّة","ar","3"
"مِثالي","ar","2"
"مِحَمِّل","ar","-2"
"مِحْنة","ar","-2"
"مِدَمَّع","ar","-2"
"مِدَهْنِن","ar","-1"
"مِدَهْوِل","ar","-2"
"مِرَكِّز","ar","1"
"مِرْحاض","ar","-1"
"مِزَحْلَق","ar","-2"
"مِزَعْزَع","ar","-2"
"مِزَغْلِل","ar","-1"
"مِزِز","ar","-1"
"مِسَيْطَر","ar","1"
"مِسَيْطِر","ar","1"
"مِسْتَعْجِل","ar","-1"
"مِساوِيّة","ar","1"
"مِصَحْصَح","ar","1"
"مِصْداقِيّة","ar","1"
"مِضَيَّق","ar","-2"
"مِضْياف","ar","2"
"مِعَرَّص","ar","-3"
"مِعَضَّل","ar","1"
"مِعَطَّل","ar","-2"
"مِعَفِّن","ar","-2"
"مِعَقَّد","ar","-2"
"مِغَيِّم","ar","-1"
"مِفَلِّس","ar","-2"
"مِقَرْيِف","ar","-2"
"مِقَشَّر","ar","-2"
"مِكَشَّر","ar","-2"
"مِكَلْكَع","ar","-1"
"مِلَخْبَط","ar","-2"
"مِلَزَّق","ar","-2"
"مِلَوِّن","ar","2"
"مِنَدّي","ar","-2"
"مِنَوَّر","ar","2"
"مِهَنِيّة","ar","2"
"مِهني","ar","2"
"مّدْروس","ar","1"
"ماكِر","ar","-1"
"مايِتْصَدَّقش","ar","3"
"مايِقْلِقْش","ar","2"
"مايتطاقْش","ar","-2"
"مأزِق","ar","-1"
"موضة","ar","1"
"مؤتِّر","ar","1"
"مؤثِّر","ar","1"
"مؤدَّب","ar","2"
"مؤذي","ar","-2"
"مؤسِف","ar","-2"
"مؤكَّد","ar","1"
"مؤلِم","ar","-2"
"مؤهَّل","ar","2"
"ميزة","ar","2"
"نَبيل","ar","2"
"نَجاح","ar","2"
"نَحيل","ar","-1"
"نَدَم","ar","-2"
"نَرْفَزة","ar","-1"
"نَزاهة","ar","1"
"نَشْوة","ar","3"
"نَشاز","ar","-2"
"نَشيط","ar","2"
"نَصَّاب","ar","-2"
"نَصْب","ar","-2"
"نَضافة","ar","2"
"نَقْد","ar","-2"
"نَقْص","ar","-2"
"نَقاء","ar","2"
"نَقي","ar","2"
"نُبَلاء","ar","2"
"نُبْل","ar","2"
"نُدْرة","ar","-1"
"نُعومة","ar","2"
"نِزاع","ar","-1"
"نِسْمة","ar","1"
"نِضيف","ar","2"
"نِفايات","ar","-1"
"نِمَكي","ar","-2"
"ناجِح","ar","2"
"نادِر","ar","2"
"ناشِف","ar","-1"
"ناشي","ar","1"
"ناضِج","ar","1"
"ناعِم","ar","2"
"نافِع","ar","1"
"نور","ar","1"
"هَبالة","ar","-1"
"هَدَد","ar","-1"
"هَذَيان","ar","-2"
"هَرْش","ar","-1"
"هَزيمة","ar","-2"
"هَشّ","ar","-1"
"هَلاك","ar","-2"
"هَمَجي","ar","-2"
"هَنا","ar","2"
"هَيْبة","ar","2"
"هُبْل","ar","-3"
"هُجوم","ar","-2"
"هُراء","ar","-2"
"هادِف","ar","1"
"هادي","ar","2"
"هادئ","ar","2"
"هامِشي","ar","-1"
"هايِج","ar","-2"
"هايِل","ar","2"
"هايْفة","ar","-2"
"هستيري","ar","-2"
"هوجة","ar","-2"
"هيبة","ar","2"
"وَجَع","ar","-2"
"وَحْش","ar","-2"
"وَحْشي","ar","-3"
"وَحاشة","ar","-2"
"وَدود","ar","1"
"وَضيع","ar","-2"
"وَطَني","ar","2"
"وَغْد","ar","-3"
"وَقِح","ar","-2"
"وَقاحة","ar","-2"
"وُضوح","ar","2"
"وِحِش","ar","-2"
"وِحْدة","ar","2"
"وِدّ","ar","1"
"وِلِيّة","ar","-2"
"وابِل","ar","-1"
"واتِق","ar","2"
"واثِق","ar","2"
"واثق","ar","2"
"واسِع","ar","2"
"واصِل","ar","1"
"واضِح","ar","1"
"واعِد","ar","2"
"وافِر","ar","1"
"واقِعي","ar","1"
"يَأْس","ar","-2"
"يَأس","ar","-2"
"يَبْتَسِم","ar","2"
"يَبْخَل","ar","-2"
"يَتَبَوَّل","ar","-2"
"يَتَجاهَل","ar","-1"
"يَتَحَرَّش","ar","-2"
"يَتَخَصَّص","ar","1"
"يَتَدافَع","ar","-1"
"يَتَذَمَّر","ar","-2"
"يَتَرَهَّل","ar","-2"
"يَتَشابَك","ar","-1"
"يَتَكاسَل","ar","-1"
"يَتَلاعَب","ar","-1"
"يَتَمايَل","ar","-2"
"يَتَهَرَّب","ar","-1"
"يَتأخَّر","ar","-1"
"يَحُكّ","ar","-1"
"يَحْتَلّ","ar","-1"
"يَحْتال","ar","-2"
"يَخْرِب","ar","-2"
"يَخْسَر","ar","-2"
"يَخْشى","ar","-2"
"يَخْفُق","ar","-1"
"يَخْلِط","ar","-1"
"يَرْفُض","ar","-2"
"يَزَيِّف","ar","-2"
"يَزْدَري","ar","-1"
"يَسُدّ","ar","-2"
"يَسْتَخِفّ","ar","-2"
"يَسْتَمني","ar","-3"
"يَسْحَق","ar","-2"
"يَشْجُب","ar","-2"
"يَشْمَل","ar","1"
"يَصْرُخ","ar","-2"
"يَصْرِف","ar","-1"
"يَعْرُج","ar","-1"
"يَعْمَل","ar","2"
"يَغْزو","ar","-1"
"يَغْمُر","ar","-2"
"يَفْصِل","ar","-1"
"يَقِظ","ar","1"
"يَقْتُل","ar","-3"
"يَقْرُص","ar","-2"
"يَقْلَق","ar","-2"
"يَكْره","ar","-2"
"يَكْشِف","ar","-1"
"يَلْمَع","ar","1"
"يَمْتَنِع","ar","-2"
"يَنْتَظِر","ar","-1"
"يَنْجَح","ar","2"
"يَنْزَلِق","ar","-2"
"يَنوح","ar","-2"
"يَهْزِم","ar","-2"
"يَهْزأ","ar","-1"
"يُبَدِّد","ar","-2"
"يُبَسِّط","ar","2"
"يُبَعْثِر","ar","-1"
"يُبالِغ","ar","-2"
"يُجَدِّد","ar","2"
"يُحَجِّر","ar","-2"
"يُحَذِّر","ar","-1"
"يُحَرِّف","ar","-2"
"يُحَيِّر","ar","-2"
"يُحِبّ","ar","2"
"يُحْزِن","ar","-2"
"يُحْيي","ar","1"
"يُخَرِّب","ar","-2"
"يُخَلِّص","ar","-1"
"يُخْنُق","ar","-2"
"يُدَمِّر","ar","-2"
"يُرْبِك","ar","-2"
"يُرْضي","ar","2"
"يُرْعِب","ar","-2"
"يُرْفُض","ar","-2"
"يُريح","ar","1"
"يُزَكّي","ar","2"
"يُزْغُر","ar","-1"
"يُزيد","ar","2"
"يُسَرِّب","ar","-2"
"يُسَيْطِر","ar","-2"
"يُشَوِّه","ar","-1"
"يُضَلِّل","ar","-2"
"يُضايِق","ar","-2"
"يُطابِق","ar","1"
"يُعَذِّب","ar","-3"
"يُعَطِّل","ar","-2"
"يُعْجَب","ar","2"
"يُعْرُج","ar","-1"
"يُعارِض","ar","-1"
"يُغْضِب","ar","-3"
"يُفَوِّت","ar","-2"
"يُفْسِد","ar","-2"
"يُقَيِّد","ar","-1"
"يُقْرُص","ar","-2"
"يُقاطِع","ar","-1"
"يُكافِح","ar","-1"
"يُلَطِّخ","ar","-2"
"يُلَطِّف","ar","1"
"يُلْقي","ar","-1"
"يُمَزِّق","ar","-2"
"يُمَيِّز","ar","-2"
"يُنَظِّم","ar","1"
"يُنَقِّي","ar","2"
"يُنْبُض","ar","-1"
"يُنْصُب","ar","-2"
"يُنْقِذ","ar","1"
"يُنْكُش","ar","-2"
"يُنْهِك","ar","-2"
"يُنوَّر","ar","1"
"يُنير","ar","2"
"يُهَدِّد","ar","-2"
"يُهْرُش","ar","-1"
"يُهْمِل","ar","-2"
"يُهجُر","ar","-1"
"يُهين","ar","-2"
"يِأخَّر","ar","-2"
"يِألِّس","ar","-1"
"يِبَدِّد","ar","-2"
"يِبَسَّط","ar","2"
"يِبَعْتَر","ar","-2"
"يِبَقَّع","ar","-2"
"يِبَوَّظ","ar","-2"
"يِبَيِّن","ar","1"
"يِبْتَزّ","ar","-2"
"يِبْتِسِم","ar","2"
"يِبْتِلي","ar","-2"
"يِبْخَل","ar","-2"
"يِبْسِط","ar","2"
"يِبْعَج","ar","-2"
"يِبْعِد","ar","-1"
"يِبْهِر","ar","2"
"يِبارِك","ar","2"
"يِبالِغ","ar","-2"
"يِتَّهِم","ar","-2"
"يِتَهْتِه","ar","-2"
"يِتَوِّه","ar","-2"
"يِتْأخَّر","ar","-1"
"يِتْجاهَل","ar","-2"
"يِتْحَدّى","ar","-1"
"يِتْخَصَّص","ar","1"
"يِتْخانِق","ar","-2"
"يِتْدَهْوَر","ar","-2"
"يِتْرَدِّد","ar","-2"
"يِتْرَهِّل","ar","-2"
"يِتْزَحْلَق","ar","-2"
"يِتْسَرْسِب","ar","-2"
"يِتْفَتَّح","ar","1"
"يِتْفَتِّت","ar","-1"
"يِتْفَرفِت","ar","-1"
"يِتْفَوَّق","ar","3"
"يِتْفادى","ar","-1"
"يِتْقَبِّل","ar","1"
"يِتْقَدَّر","ar","2"
"يِتْكاسِل","ar","-1"
"يِتْلاعَب","ar","-1"
"يِتْهَرَّب","ar","-1"
"يِتفادى","ar","-2"
"يِتير","ar","2"
"يِجَدِّد","ar","2"
"يِجَنِّن","ar","2"
"يِجادِل","ar","-2"
"يِحَجَّر","ar","-2"
"يِحَدِّف","ar","-1"
"يِحَسِّن","ar","2"
"يِحَقَّق","ar","2"
"يِحَيَّر","ar","-2"
"يِحِبّ","ar","2"
"يِحْبِط","ar","-2"
"يِحْتَرِم","ar","2"
"يِحْتَلّ","ar","-1"
"يِحْرَق","ar","-2"
"يِحْرِج","ar","-2"
"يِحيي","ar","1"
"يِخَرَّب","ar","-2"
"يِخَلَّص","ar","-1"
"يِخَوِّف","ar","-1"
"يِخَيِّب","ar","-2"
"يِخْبَط","ar","-2"
"يِخْتِفي","ar","-1"
"يِخْتِلِف","ar","-1"
"يِخْدَع","ar","-2"
"يِخْرِب","ar","-3"
"يِخْسَر","ar","-2"
"يِخْلِط","ar","-1"
"يِخاف","ar","-2"
"يِخون","ar","-2"
"يِدَلَّع","ar","-2"
"يِدَمَّر","ar","-2"
"يِذِلّ","ar","-2"
"يِرَخَّص","ar","-2"
"يِرَيَّح","ar","1"
"يِرْبِك","ar","-2"
"يِرْعِب","ar","-2"
"يِرْمي","ar","-1"
"يِزَعَّل","ar","-2"
"يِزَهَّق","ar","-2"
"يِزَوِّد","ar","2"
"يِزَيَّق","ar","-2"
"يِزْحَف","ar","-1"
"يِزْحِم","ar","-1"
"يِزْعِج","ar","-2"
"يِسَرَّب","ar","-2"
"يِسَقَّف","ar","2"
"يِسَلّي","ar","2"
"يِسَهِّل","ar","1"
"يِسَوَّأ","ar","-2"
"يِسَيْطِر","ar","-2"
"يِسِدّ","ar","-2"
"يِسْتَغِلّ","ar","-2"
"يِسْتَمْتَع","ar","2"
"يِشَجِّع","ar","1"
"يِشَوِّه","ar","-2"
"يِشَوِّه","ar","-2"
"يِشُخّ","ar","-2"
"يِشِدّ","ar","2"
"يِشْتِكي","ar","-2"
"يِشْتِم","ar","-2"
"يِصْدِم","ar","-3"
"يِصْعَق","ar","-2"
"يِضَيَّق","ar","-1"
"يِضْعِف","ar","-2"
"يِضايِق","ar","-2"
"يِطْعَن","ar","-2"
"يِطابِق","ar","1"
"يِعَدّي","ar","2"
"يِعَذِّب","ar","-3"
"يِعَصَّب","ar","-2"
"يِعَطَّل","ar","-2"
"يِعَقَّد","ar","-2"
"يِعَيَّط","ar","-2"
"يِعادي","ar","-2"
"يِعارِض","ar","-1"
"يِعوز","ar","1"
"يِغِشّ","ar","-2"
"يِفَرَّح","ar","2"
"يِفَرَّق","ar","-2"
"يِفَرْفِت","ar","-2"
"يِفَعَّص","ar","-2"
"يِفَوِّت","ar","-2"
"يِفْشَل","ar","-2"
"يِفْصِل","ar","-1"
"يِفاصِل","ar","2"
"يِقَدَّر","ar","2"
"يِقَضّي","ar","1"
"يِقَطَّع","ar","-2"
"يِقَيِّد","ar","-1"
"يِقْتُل","ar","-3"
"يِقْرِف","ar","-2"
"يِقْطَع","ar","-1"
"يِقْلِق","ar","-2"
"يِقاطِع","ar","-2"
"يِكَعْبِل","ar","-1"
"يِكَلْكَع","ar","-1"
"يِكْره","ar","-2"
"يِكْسَر","ar","-1"
"يِكْسِف","ar","-2"
"يِكْشِف","ar","-1"
"يِكْيب","ar","-2"
"يِكافِح","ar","-1"
"يِلَخْبَط","ar","-2"
"يِلَطَّف","ar","1"
"يِلِحّ","ar","-2"
"يِلْعَب","ar","-1"
"يِلْعَن","ar","-2"
"يِلْغي","ar","-1"
"يِلْمَع","ar","1"
"يِلْهي","ar","-2"
"يِمْتِنِع","ar","-2"
"يِموت","ar","-3"
"يِنَرْفِز","ar","-2"
"يِنَرفِز","ar","-3"
"يِنَظَّم","ar","1"
"يِنْتِقِد","ar","-2"
"يِنْجَح","ar","2"
"يِنْزِف","ar","-1"
"يِنْفِجِر","ar","-2"
"يِنْقِذ","ar","1"
"يِنْهِك","ar","-2"
"يِناقِض","ar","-2"
"يِنيك","ar","-3"
"يِهَدِّد","ar","-2"
"يِهَدّي","ar","1"
"يِهَنِّج","ar","-2"
"يِهَنّي","ar","2"
"يِهْتَمّ","ar","2"
"يِهْزِم","ar","-2"
"يِهْمِل","ar","-2"
"يِهاجِم","ar","-2"
"يِهاك","ar","-1"
"يِهين","ar","-2"
"يِوافِق","ar","2"
"يالَلْقَرَف","ar","-2"
"يايس","ar","-2"
"يائس","ar","-2"
"يأخَّر","ar","-2"
"يأس","ar","-2"
"يلوم","ar","-1"
"يوضِح","ar","2"
"يؤمِّن","ar","2"
"سَعِيد","ar","2"
"فَرَح","ar","2"
"أَسْعَد","ar","1"
"أَلَم","ar","-2"
"جَيِّد","ar","1"
"رَدِيء","ar","-1"
"رَهِيب","ar","-1"
"سَيِّء","ar","-2"
"صَدَّق","ar","1"
"ٱِكْتِظاظ","ar","-1"
"مُتَفائِل","ar","2"
"مُرِيح","ar","1"
"مُزْدَحِم","ar","-1"
"وَفَّر","ar","1"
"أَحْسَن","ar","2"
"إِزْعاج","ar","-2"
"بَطِيء","ar","-2"
"تَأْخِير","ar","-2"
"تَحَسُّن","ar","2"
"تَحْسِين","ar","2"
"تَوافَق","ar","2"
"ٱِحْتَرَم","ar","2"
"حُسْن","ar","2"
"خاطِئ","ar","-2"
"رائِع","ar","2"
"ساء","ar","-2"
"ساعَد","ar","2"
"ٱِسْتاء","ar","-2"
"سَهَّل","ar","2"
"سُوء","ar","-2"
"شَكَر","ar","2"
"شَكْوَى","ar","-2"
"صَعُب","ar","-2"
"ضَعُف","ar","-2"
"عانَى","ar","-2"
"عَدَم","ar","-2"
"مُتَمَيِّز","ar","2"
"مَرْفُوض","ar","-2"
"مُشْكِلَة","ar","-2"
"مِيزَة","ar","2"
"هائِل","ar","2"
"واقِعَة","ar","-2"
"وَثِق-َِ","ar","2"
"وَهَى","ar","-2"
"أَحَبّ","ar","2"
"أَفْضَل","ar","2"
"إِلْغاء","ar","-2"
"تَأَخَّر","ar","-2"
"خَطَأ","ar","-2"
"شُكْر","ar","2"
"شكراا","ar","2"
"شكراااااا","ar","2"
"شكرااااااااا","ar","2"
"شكراااااااااااااااا","ar","2"
"قَدْ","ar","-2"
"كَلَّف","ar","-2"
"مُشْكِل","ar","-2"
"مُفِيد","ar","2"
"قَدَّر","ar","2"
